zone_id,AGREMPN,OTHEMPN,MWTEMPN,FPSEMPN,RETEMPN,HEREMPN
1,0.001,0.019,0.019,0.019,0.019,0.019
2,0.001,0.019,0.019,0.019,0.019,0.019
3,0.001,0.019,0.019,0.019,0.019,0.019
4,0.001,0.019,0.019,0.019,0.019,0.019
5,0.001,0.019,0.019,0.019,0.019,0.019
6,0.001,0.019,0.019,0.019,0.019,0.019
7,0.001,0.019,0.019,0.019,0.019,0.019
8,0.001,0.019,0.019,0.019,0.019,0.019
9,0.001,0,0.019,0.019,0.019,0.019
10,0.001,0,0.019,0.019,0.019,0.019
11,0.001,0.019,0.019,0.019,0.019,0.019
12,0.001,0.019,0.019,0.019,0.019,0.019
13,0.001,0.019,0.019,0.019,0.019,0.019
14,0.001,0.019,0.019,0.019,0.019,0.019
15,0.001,0.019,0.019,0.019,0.019,0.019
16,0.001,0.019,0.019,0.019,0.019,0.019
17,0.001,0.019,0.019,0.019,0.019,0.019
18,0.001,0.019,0.019,0.019,0.019,0.019
19,0.001,0,0.019,0.019,0.019,0.019
20,0.001,0.019,0.019,0.019,0.019,0.019
21,0.001,0.019,0.019,0.019,0.019,0.019
22,0.001,0.019,0.019,0.019,0.019,0.019
23,0.001,0.019,0.019,0.019,0.019,0.019
24,0.001,0.019,0.019,0.019,0.019,0.019
25,0.001,0.019,0.019,0.019,0.019,0.019
26,0.001,0.019,0.019,0.019,0.019,0.019
27,0.001,0.019,0.019,0.019,0.019,0.019
28,0.001,0.019,0.019,0.019,0.019,0.019
29,0.001,0.019,0.019,0.019,0.019,0.019
30,0.001,0.019,0.019,0.019,0.019,0.019
31,0.001,0.019,0.019,0.019,0.019,0.019
32,0.001,0.019,0.019,0.019,0.019,0.019
33,0.001,0.019,0.019,0.019,0.019,0.019
34,0.001,0.019,0.019,0.019,0.019,0.019
35,0.001,0.019,0.019,0.019,0.019,0.019
36,0.001,0.019,0.019,0.019,0.019,0.019
37,0.001,0.019,0.019,0.019,0.019,0.019
38,0.001,0.019,0.019,0.019,0.019,0.019
39,0.001,0.019,0.019,0.019,0.019,0.019
40,0.001,0.019,0.019,0.019,0.019,0.019
41,0.001,0.019,0.019,0.019,0.019,0.019
42,0.001,0.019,0.019,0.019,0.019,0.019
43,0.001,0.019,0.019,0.019,0.019,0.019
44,0.001,0.019,0.019,0.019,0.019,0.019
45,0.001,0.019,0.019,0.019,0.019,0.019
46,0.001,0.019,0.019,0.019,0.019,0.019
47,0.001,0.019,0.019,0.019,0.019,0.019
48,0.001,0.019,0.019,0.019,0.019,0.019
49,0.001,0.019,0.019,0.019,0.019,0.019
50,0.001,0.019,0.019,0.019,0.019,0.019
51,0.001,0.019,0.019,0.019,0.019,0.019
52,0.001,0.019,0.019,0.019,0.019,0.019
53,0,0,0,0,0,0
54,0.001,0.019,0.019,0.019,0.019,0.019
55,0.001,0.019,0.019,0.019,0.019,0.019
56,0.001,0.019,0.019,0.019,0.019,0.019
57,0.001,0.019,0.019,0.019,0.019,0.019
58,0.001,0.019,0.019,0.019,0.019,0.019
59,0.001,0.019,0.019,0.019,0.019,0.019
60,0.001,0.019,0.019,0.019,0.019,0.019
61,0.001,0.019,0.019,0.019,0.019,0.019
62,0.001,0.019,0.019,0.019,0.019,0.019
63,0.001,0.019,0.019,0.019,0.019,0.019
64,0.001,0.019,0.019,0.019,0.019,0.019
65,0.001,0.019,0.019,0.019,0.019,0.019
66,0.001,0.019,0.019,0.019,0.019,0.019
67,0.001,0.019,0.019,0.019,0.019,0.019
68,0.001,0.019,0.019,0.019,0.019,0.019
69,0.001,0.019,0.019,0.019,0.019,0.005
70,0.001,0.019,0.019,0.019,0.019,0.019
71,0.001,0.019,0.019,0.019,0.019,0.019
72,0.001,0.019,0.019,0.019,0.019,0.019
73,0.001,0.019,0.019,0.019,0.019,0.019
74,0.001,0.019,0.019,0.019,0.019,0.019
75,0.001,0.019,0.019,0.019,0.019,0.019
76,0.001,0,0.019,0.019,0.019,0.019
77,0.001,0.019,0.019,0.019,0.019,0.019
78,0.001,0.019,0.019,0.019,0.019,0.019
79,0.001,0.019,0.019,0.019,0.019,0.019
80,0.001,0.019,0.019,0.019,0.019,0.019
81,0.001,0.019,0.019,0.019,0.019,0.019
82,0.001,0.019,0.019,0.019,0.019,0.019
83,0.001,0.019,0.019,0.019,0.019,0.019
84,0.001,0.019,0.019,0.019,0.019,0.019
85,0.001,0.019,0.019,0.019,0.019,0.019
86,0.001,0.019,0.019,0.019,0.019,0.005
87,0.001,0.019,0.019,0.019,0.019,0.019
88,0.001,0.019,0.019,0.019,0.019,0.019
89,0.001,0.019,0.019,0.019,0.019,0.019
90,0.001,0.019,0.019,0.019,0.019,0
91,0.001,0.019,0.019,0.019,0.019,0
92,0.001,0.019,0.019,0.019,0.019,0.019
93,0.001,0.019,0.019,0.019,0.019,0.019
94,0.001,0.019,0.019,0.019,0.019,0.019
95,0.001,0.019,0.019,0.019,0.019,0.019
96,0.001,0.019,0.019,0.019,0.019,0.019
97,0.001,0.019,0.019,0.019,0.019,0.019
98,0.001,0.019,0.019,0.019,0.019,0.019
99,0.001,0.019,0.019,0.019,0.019,0.019
100,0.001,0.019,0.019,0.019,0.019,0.019
101,0.001,0.019,0.019,0.019,0.019,0.019
102,0.001,0.019,0.019,0.019,0.019,0.019
103,0.001,0.019,0.019,0.019,0.019,0.019
104,0.001,0.019,0.019,0.019,0.019,0.019
105,0.001,0.019,0.019,0.019,0.019,0.019
106,0.001,0.019,0.019,0.019,0.019,0.019
107,0.001,0.019,0.019,0.019,0.019,0.019
108,0.001,0.019,0.019,0.019,0.019,0.019
109,0.001,0.019,0.019,0.019,0.019,0.019
110,0.001,0.019,0.019,0.019,0.019,0.019
111,0.001,0.019,0.019,0.019,0.019,0.019
112,0.001,0.019,0.019,0.019,0.019,0.019
113,0.001,0.019,0.019,0.019,0.019,0.019
114,0.001,0.019,0.019,0.019,0.019,0.019
115,0.001,0.019,0.019,0.019,0.019,0
116,0.001,0.019,0.019,0.019,0.019,0.019
117,0.001,0.019,0.019,0.019,0.019,0.019
118,0.001,0.019,0.019,0.019,0.019,0.019
119,0.001,0.019,0.019,0.019,0.019,0.019
120,0.001,0.019,0.019,0.019,0.019,0.019
121,0.001,0.019,0.019,0.019,0.019,0.019
122,0.001,0.019,0.019,0.019,0.019,0.019
123,0.001,0.019,0.019,0.019,0.019,0.019
124,0.001,0.019,0.019,0.019,0.019,0.019
125,0.001,0.019,0.019,0.019,0.019,0.019
126,0.001,0.019,0.019,0.019,0.019,0.019
127,0.001,0.019,0.019,0.019,0.019,0.019
128,0.001,0.019,0.019,0.019,0.019,0.019
129,0.001,0.019,0.019,0.019,0.019,0.019
130,0.001,0.019,0.019,0.019,0.019,0.019
131,0.001,0.019,0.019,0.019,0.019,0.019
132,0.001,0.019,0.019,0.019,0.019,0.019
133,0.001,0.019,0.019,0.019,0.019,0.019
134,0.001,0.019,0.019,0.019,0.019,0.019
135,0.001,0.019,0.019,0.019,0.019,0.019
136,0.001,0.019,0.019,0.019,0.019,0.019
137,0.001,0.019,0.019,0.019,0.019,0.019
138,0.001,0.019,0.019,0.019,0.019,0.019
139,0.001,0.019,0.019,0.019,0.019,0.019
140,0.001,0.019,0.019,0.019,0.019,0.019
141,0.001,0.019,0.019,0.019,0.019,0.019
142,0.001,0.019,0.019,0.019,0.019,0.019
143,0.001,0.019,0.019,0.019,0.019,0.019
144,0.001,0.019,0.019,0.019,0.019,0.019
145,0.001,0.019,0.019,0.019,0.019,0.019
146,0.001,0.019,0.019,0.019,0.019,0.019
147,0.001,0.019,0.019,0.019,0.019,0.019
148,0.001,0.019,0.019,0.019,0.019,0.019
149,0.001,0.019,0.019,0.019,0.019,0.019
150,0.001,0.019,0.019,0.019,0.019,0.019
151,0.001,0.019,0.019,0.019,0.019,0.019
152,0.001,0.019,0.019,0.019,0.019,0.019
153,0.001,0.019,0.019,0.019,0.019,0.019
154,0.001,0.019,0.019,0.019,0.019,0.019
155,0.001,0.019,0.019,0.019,0.019,0.019
156,0.001,0.019,0.019,0.019,0.019,0.019
157,0.001,0.019,0.019,0.019,0.019,0.019
158,0.001,0.019,0.019,0.019,0.019,0.019
159,0.001,0.019,0.019,0.019,0.019,0.019
160,0.001,0.019,0.019,0.019,0.019,0.019
161,0.001,0.019,0.019,0.019,0.019,0.019
162,0.001,0.019,0.019,0.019,0.019,0.019
163,0.001,0.019,0.019,0.019,0.019,0.019
164,0.001,0.019,0.019,0.019,0.019,0.019
165,0.001,0.019,0.019,0.019,0.019,0.019
166,0.001,0.019,0.019,0.019,0.019,0.019
167,0.001,0.019,0.019,0.019,0.019,0.019
168,0.001,0.019,0.019,0.019,0.019,0.019
169,0.001,0.019,0.019,0.019,0.019,0.019
170,0.001,0.019,0.019,0.019,0.019,0.019
171,0.001,0.019,0.019,0.019,0.019,0.019
172,0.001,0.019,0.019,0.019,0.019,0.019
173,0.001,0.019,0.019,0.019,0.019,0.019
174,0.001,0.019,0.019,0.019,0.019,0.019
175,0.001,0.019,0.019,0.019,0.019,0.019
176,0.001,0.019,0.019,0.019,0.019,0.019
177,0.001,0.019,0.019,0.019,0.019,0.019
178,0.001,0.019,0.019,0.019,0.019,0.019
179,0.001,0.019,0.019,0.019,0.019,0.019
180,0.001,0.019,0.019,0.019,0.019,0.019
181,0.001,0.019,0.019,0.019,0.019,0.019
182,0.001,0.019,0.019,0.019,0.019,0.019
183,0.001,0.019,0.019,0.019,0.019,0.019
184,0.001,0.019,0.019,0.019,0.019,0.019
185,0.001,0.019,0.019,0.019,0.019,0.019
186,0.001,0.019,0.019,0.019,0.019,0.019
187,0.001,0.019,0.019,0.019,0.019,0.019
188,0.001,0.019,0.019,0.019,0.019,0
189,0.001,0.019,0.019,0.019,0.019,0.019
190,0.001,0.019,0.019,0.019,0.019,0.019
191,0.001,0.019,0.019,0.019,0.019,0.019
192,0.001,0.019,0.019,0.019,0.019,0.019
193,0.001,0.019,0.019,0.019,0.019,0.019
194,0.001,0.019,0.019,0.019,0.019,0.019
195,0.001,0.019,0.019,0.019,0.019,0.019
196,0.001,0.019,0.019,0.019,0.019,0.019
197,0.001,0.019,0.019,0.019,0.019,0.019
198,0.001,0.019,0.019,0.019,0.019,0.019
199,0.001,0.019,0.019,0.019,0.019,0.019
200,0,0,0,0,0,0
201,0,0,0,0,0,0
202,0.001,0.019,0.019,0.019,0.019,0.019
203,0.001,0.019,0.019,0.019,0.019,0.019
204,0.001,0.019,0.019,0.019,0.019,0.019
205,0.001,0.019,0.019,0.019,0.019,0.019
206,0.001,0.019,0.019,0.019,0.019,0.019
207,0.001,0.019,0.019,0.019,0.019,0.019
208,0.001,0.019,0.019,0.019,0.019,0.019
209,0.001,0.019,0.019,0.019,0.019,0.019
210,0.001,0.019,0.019,0.019,0.019,0.019
211,0.001,0.019,0.019,0.019,0.019,0.019
212,0.001,0.019,0.019,0.019,0.019,0.019
213,0.001,0.019,0.019,0.019,0.019,0.019
214,0.001,0.019,0.019,0.019,0.019,0.019
215,0.001,0.019,0.019,0.019,0.019,0.019
216,0.001,0.019,0.019,0.019,0.019,0.019
217,0.001,0.019,0.019,0.019,0.019,0.019
218,0.001,0.019,0.019,0.019,0.019,0.019
219,0.001,0.019,0.019,0.019,0.019,0.019
220,0,0,0,0,0,0
221,0,0,0,0,0,0
222,0,0,0,0,0,0
223,0,0,0,0,0,0
224,0,0,0,0,0,0
225,0,0,0,0,0,0
226,0,0,0,0,0,0
227,0,0,0,0,0,0
228,0.001,0.019,0.019,0.019,0.019,0.019
229,0.001,0.019,0.019,0.019,0.019,0
230,0.001,0.019,0.019,0.019,0.019,0.019
231,0.001,0.019,0.019,0.019,0.019,0.019
232,0.001,0.019,0.019,0.019,0.019,0.019
233,0.001,0.019,0.019,0.019,0.019,0.019
234,0.001,0.019,0.019,0.019,0.005,0.019
235,0.001,0.019,0.019,0.019,0.019,0.019
236,0.001,0.019,0.019,0.019,0.019,0.019
237,0.001,0.019,0.019,0.019,0.019,0.019
238,0.001,0.019,0.019,0.019,0.019,0.019
239,0,0,0,0,0,0
240,0,0,0,0,0,0
241,0,0,0,0,0,0
242,0,0,0,0,0,0
243,0,0,0,0,0,0
244,0,0,0,0,0,0
245,0,0,0,0,0,0
246,0.001,0.019,0.019,0.019,0.019,0.019
247,0.001,0.019,0.019,0.019,0.019,0.019
248,0.001,0.019,0.019,0.019,0.019,0.019
249,0.001,0.019,0.019,0.019,0.019,0.019
250,0.001,0.019,0.019,0.019,0.019,0.019
251,0.001,0.019,0.019,0.019,0.019,0.019
252,0,0,0,0,0,0
253,0.001,0.019,0.019,0.019,0.019,0.019
254,0,0,0,0,0,0
255,0.001,0.019,0.019,0.019,0.019,0.019
256,0.001,0.019,0.019,0.019,0.019,0.019
257,0.001,0.019,0.019,0.019,0.019,0.019
258,0.001,0.019,0.019,0.019,0.019,0.019
259,0.001,0.019,0.019,0.019,0.019,0.019
260,0.001,0.019,0.019,0.019,0.019,0.019
261,0.001,0.019,0.019,0.019,0.019,0.019
262,0.001,0.019,0.019,0.019,0.019,0.019
263,0.001,0.019,0.019,0.019,0.019,0.019
264,0.001,0.019,0.019,0.019,0.019,0.019
265,0.001,0.019,0.019,0.019,0.019,0.019
266,0.001,0.019,0.019,0.019,0.019,0.019
267,0.001,0.019,0.019,0.019,0.019,0.019
268,0.001,0.019,0.019,0.019,0.019,0.019
269,0.001,0.019,0.019,0.019,0.019,0.019
270,0.001,0.019,0.019,0.019,0.019,0.019
271,0.001,0.019,0.019,0.019,0.019,0.019
272,0.001,0.019,0.019,0.019,0.019,0.019
273,0.001,0.019,0.019,0.019,0.019,0.019
274,0.001,0.019,0.019,0.019,0.019,0.019
275,0.001,0.019,0.019,0.019,0.019,0.019
276,0.001,0.019,0.019,0.019,0.019,0.019
277,0.001,0.019,0.019,0.019,0.019,0.019
278,0.001,0.019,0.019,0.019,0.019,0.019
279,0.001,0.019,0.019,0.019,0.019,0.019
280,0.001,0.019,0.019,0.019,0.019,0.019
281,0.001,0.019,0.019,0.019,0.019,0.019
282,0.001,0.019,0.019,0.019,0.019,0.019
283,0.001,0.019,0.019,0.019,0.019,0.019
284,0.001,0.019,0.019,0.019,0.019,0.019
285,0.001,0.019,0.019,0.019,0.019,0.019
286,0.001,0.019,0.019,0.019,0.019,0.019
287,0.001,0.019,0.019,0.019,0.005,0.019
288,0.001,0.019,0.019,0.019,0.019,0.019
289,0.001,0.019,0.019,0.019,0.019,0.019
290,0.001,0.019,0.019,0.019,0.019,0.019
291,0.001,0.019,0.019,0.019,0.019,0.019
292,0.001,0.019,0.019,0.019,0.019,0.019
293,0.001,0.019,0.019,0.019,0.019,0.019
294,0,0,0,0,0,0
295,0,0,0,0,0,0
296,0,0,0,0,0,0
297,0.001,0.019,0.019,0.019,0.019,0.019
298,0,0,0,0,0,0
299,0,0,0,0,0,0
300,0,0,0,0,0,0
301,0.001,0.019,0.019,0.019,0.019,0.019
302,0.001,0.019,0.019,0.019,0.019,0.019
303,0.001,0.019,0.019,0.019,0.019,0
304,0.001,0.019,0.019,0.019,0.019,0.019
305,0.001,0.019,0.019,0.019,0.019,0.019
306,0.001,0.019,0.019,0.019,0.019,0.019
307,0.001,0.019,0.019,0.019,0.019,0.019
308,0.001,0.019,0.019,0.019,0.019,0.019
309,0.001,0.019,0.019,0.019,0.019,0.019
310,0.001,0.019,0.019,0.019,0.019,0.019
311,0.001,0.019,0.019,0.019,0.019,0.019
312,0.001,0.019,0.019,0.019,0.019,0.019
313,0.001,0.019,0.019,0.019,0.019,0.019
314,0.001,0.019,0.019,0.019,0.019,0.019
315,0.001,0.019,0.019,0.019,0.019,0.019
316,0.001,0.019,0.019,0.019,0.019,0.019
317,0.001,0.019,0.019,0.019,0.019,0.019
318,0.001,0.019,0.019,0.019,0.019,0.019
319,0.001,0.019,0.019,0.019,0.019,0.019
320,0.001,0.019,0.019,0.019,0.019,0.019
321,0.001,0.019,0.019,0.019,0.019,0.019
322,0.001,0.019,0.019,0.019,0.019,0.019
323,0.001,0.019,0.019,0.019,0.019,0.019
324,0.001,0.019,0.019,0.019,0.019,0.019
325,0.001,0.019,0.019,0.019,0.019,0.019
326,0.001,0.019,0.019,0.019,0.019,0.019
327,0.001,0.019,0.019,0.019,0.019,0.019
328,0.001,0.019,0.019,0.019,0.019,0.019
329,0.001,0.019,0.019,0.019,0.019,0.019
330,0.001,0.019,0.019,0.019,0.019,0.019
331,0.001,0.019,0.019,0.019,0.019,0.019
332,0.001,0.019,0.019,0.019,0.019,0.019
333,0.001,0.019,0.019,0.019,0.019,0.019
334,0.001,0.019,0.019,0.019,0.019,0.019
335,0.001,0.019,0.019,0.019,0.019,0.019
336,0.001,0.019,0.019,0.019,0.019,0.019
337,0.001,0.019,0.019,0.019,0.019,0.019
338,0.001,0.019,0.019,0.019,0.019,0.019
339,0,0,0,0,0,0
340,0.001,0.019,0.019,0.019,0.019,0.019
341,0.001,0.019,0.019,0.019,0.019,0.019
342,0,0,0,0,0,0
343,0.001,0.019,0.019,0.019,0.019,0.019
344,0.001,0.019,0.019,0.019,0.019,0.019
345,0.001,0.019,0.019,0.019,0.019,0.019
346,0.001,0.019,0.019,0.019,0.019,0.019
347,0.001,0.019,0.019,0.019,0.019,0.019
348,0.001,0.019,0.019,0.019,0.019,0.019
349,0.001,0.019,0.019,0.019,0.019,0.019
350,0.001,0.019,0.019,0.019,0.019,0.019
351,0.001,0.019,0.019,0.019,0.019,0.019
352,0.001,0.019,0.019,0.019,0.019,0
353,0.001,0.019,0.019,0.019,0.019,0
354,0.001,0.019,0.019,0.019,0.019,0
355,0.001,0.019,0.019,0.019,0.005,0
356,0.001,0.019,0.019,0.019,0.019,0.019
357,0.001,0.019,0.019,0.019,0.019,0.019
358,0.001,0.019,0.019,0.019,0.019,0.019
359,0.001,0.019,0.019,0.019,0.019,0.019
360,0.001,0.019,0.019,0.019,0.019,0.019
361,0.001,0.019,0.019,0.019,0.019,0.019
362,0.001,0.019,0.019,0.019,0.019,0.019
363,0.001,0.019,0.019,0.019,0.019,0.019
364,0.001,0.019,0.019,0.019,0.019,0.019
365,0.001,0.019,0.019,0.019,0.019,0.019
366,0.001,0.019,0.019,0.019,0.019,0.019
367,0.001,0.019,0.019,0.019,0.019,0.019
368,0,0,0,0,0,0
369,0.001,0.019,0.019,0.019,0.019,0.019
370,0.001,0.019,0.019,0.019,0.019,0.019
371,0.001,0.019,0.019,0.019,0.019,0.019
372,0.001,0.019,0.019,0.019,0.019,0.019
373,0.001,0.019,0.019,0.019,0.019,0.019
374,0.001,0.019,0.019,0.019,0.019,0.019
375,0.001,0.019,0.019,0.019,0.019,0.019
376,0.001,0.019,0.019,0.019,0.019,0.019
377,0.001,0.019,0.019,0.019,0.019,0.019
378,0.001,0.019,0.019,0.019,0.019,0.019
379,0.001,0.019,0.019,0.019,0.019,0.019
380,0.001,0.019,0.019,0.019,0.019,0.019
381,0.001,0.019,0.019,0.019,0.019,0.019
382,0.001,0.019,0.019,0.019,0.019,0.019
383,0.001,0.019,0.019,0.019,0.019,0.019
384,0.001,0.019,0.019,0.019,0.019,0
385,0.001,0.019,0.019,0.019,0.019,0.019
386,0.001,0.019,0.019,0.019,0.019,0.019
387,0.001,0.019,0.019,0.019,0.019,0.019
388,0.001,0.019,0.019,0.019,0.019,0.019
389,0.001,0.019,0.019,0.019,0.019,0.019
390,0.001,0.019,0.019,0.019,0.019,0.019
391,0.001,0.019,0.019,0.019,0.019,0.019
392,0.001,0.019,0.019,0.019,0.019,0.019
393,0.001,0.019,0.019,0.019,0.019,0.019
394,0.001,0.019,0.019,0.019,0.019,0.019
395,0.001,0.019,0.019,0.019,0.019,0.019
396,0.001,0.019,0.019,0.019,0.019,0.019
397,0.001,0.019,0.019,0.019,0.019,0.019
398,0.001,0.019,0.019,0.019,0.019,0.019
399,0.001,0.019,0.019,0.019,0.019,0.019
400,0.001,0.019,0.019,0.019,0.019,0.019
401,0.001,0.019,0.019,0.019,0.019,0.019
402,0.001,0.019,0.019,0.019,0.019,0.019
403,0.001,0.019,0.019,0.019,0.019,0.019
404,0.001,0.019,0.019,0.019,0.019,0.019
405,0.001,0.019,0.019,0.019,0.019,0.019
406,0.001,0.019,0.019,0.019,0.019,0.019
407,0.001,0.019,0.019,0.019,0.019,0.019
408,0.001,0.019,0.019,0.019,0.019,0.019
409,0.001,0.019,0.019,0.019,0.019,0.019
410,0.001,0.019,0.019,0.019,0.019,0.019
411,0.001,0.019,0.019,0.019,0.019,0.019
412,0.001,0.019,0.019,0.019,0.019,0.019
413,0.001,0.019,0.019,0.019,0.019,0.019
414,0.001,0.019,0.019,0.019,0.019,0.019
415,0.001,0.019,0.019,0.019,0.019,0.019
416,0.001,0.019,0.019,0.019,0.019,0.019
417,0.001,0.019,0.019,0.019,0.019,0.019
418,0.001,0.019,0.019,0.019,0.019,0.019
419,0.001,0.019,0.019,0.019,0.019,0.019
420,0.001,0.019,0.019,0.019,0.019,0.019
421,0.001,0.019,0.019,0.019,0.019,0.019
422,0.001,0.019,0.019,0.019,0.019,0.019
423,0.001,0.019,0.019,0.019,0.019,0.019
424,0.001,0.019,0.019,0.019,0.019,0.019
425,0.001,0.019,0.019,0.019,0.019,0.019
426,0.001,0.019,0.019,0.019,0.019,0.019
427,0.001,0.019,0.019,0.019,0.019,0.019
428,0.001,0.019,0.019,0.019,0.019,0.019
429,0.001,0.019,0.019,0.019,0.019,0.019
430,0.001,0.019,0.019,0.019,0.019,0.019
431,0.001,0.019,0.019,0.019,0.019,0.019
432,0.001,0.019,0.019,0.019,0.019,0.019
433,0.001,0.019,0.019,0.019,0.019,0.019
434,0.001,0,0.019,0.019,0.019,0.019
435,0.001,0,0.019,0.019,0.019,0.019
436,0.001,0.019,0.019,0.019,0.019,0.019
437,0.001,0.019,0.019,0.019,0.019,0.019
438,0.001,0.019,0.019,0.019,0.019,0.019
439,0.001,0.019,0.019,0.019,0.019,0.019
440,0.001,0.019,0.019,0.019,0.019,0.019
441,0.001,0.019,0.019,0.019,0.019,0.019
442,0.001,0.019,0.019,0.019,0.019,0.019
443,0.001,0.019,0.019,0.019,0.019,0.019
444,0.001,0.019,0.019,0.019,0.019,0.019
445,0.001,0.019,0.019,0.019,0.019,0.019
446,0.001,0.019,0.019,0.019,0.019,0.019
447,0.001,0.019,0.019,0.019,0.019,0.019
448,0.001,0.019,0.019,0.019,0.019,0.019
449,0.001,0.019,0.019,0.019,0.019,0.019
450,0.001,0.019,0.019,0.019,0.019,0.019
451,0.001,0.019,0.019,0.019,0.019,0.019
452,0.001,0.019,0.019,0.019,0.019,0.019
453,0.001,0.019,0.019,0.019,0.019,0.019
454,0.001,0.019,0.019,0.019,0.019,0.019
455,0.001,0.019,0.019,0.019,0.019,0.019
456,0.001,0.019,0.019,0.019,0.019,0.019
457,0.001,0.019,0.019,0.019,0.019,0.019
458,0.001,0.019,0.019,0.019,0.019,0.019
459,0.001,0.019,0.019,0.019,0.019,0.019
460,0.001,0.019,0.019,0.019,0.019,0.019
461,0.001,0.019,0.019,0.019,0.019,0.019
462,0.001,0.019,0.019,0.019,0.019,0.019
463,0.001,0.019,0.019,0.019,0.019,0.019
464,0.001,0.019,0.019,0.019,0.019,0.019
465,0.001,0.019,0.019,0.019,0.019,0.019
466,0.001,0.019,0.019,0.019,0.005,0.019
467,0.001,0.019,0.019,0.019,0.005,0.019
468,0.001,0.019,0.019,0.019,0.019,0.019
469,0.001,0.019,0.019,0.019,0.019,0.019
470,0.001,0.019,0.019,0.019,0.019,0.019
471,0.001,0.019,0.019,0.019,0.019,0.019
472,0.001,0.019,0.019,0.019,0.019,0.019
473,0.001,0.019,0.019,0.019,0.019,0.019
474,0.001,0.019,0.019,0.019,0.019,0.019
475,0.001,0.019,0.019,0.019,0.019,0.019
476,0.001,0.019,0.019,0.019,0.019,0.019
477,0.001,0.019,0.019,0.019,0.019,0.019
478,0.001,0.019,0.019,0.019,0.019,0.019
479,0.001,0.019,0.019,0.019,0.019,0.019
480,0.001,0.019,0.019,0.019,0.019,0.019
481,0.001,0.019,0.019,0.019,0.019,0.019
482,0.001,0.019,0.019,0.019,0.019,0.019
483,0.001,0.019,0.019,0.019,0.019,0.019
484,0.001,0.019,0.019,0.019,0.019,0.019
485,0.001,0.019,0.019,0.019,0.019,0.019
486,0.001,0.019,0.019,0.019,0.019,0.019
487,0.001,0.019,0.019,0.019,0.019,0.019
488,0.001,0.019,0.019,0.019,0.019,0.019
489,0.001,0.019,0.019,0.019,0.019,0.019
490,0.001,0.019,0.019,0.019,0.019,0
491,0.001,0.019,0.019,0.019,0.019,0.019
492,0.001,0.019,0.019,0.019,0.019,0.019
493,0.001,0.019,0.019,0.019,0.019,0.019
494,0.001,0.019,0.019,0.019,0.019,0.019
495,0.001,0.019,0.019,0.019,0.019,0.019
496,0.001,0.019,0.019,0.019,0.019,0.019
497,0.001,0.019,0.019,0.019,0.019,0.019
498,0.001,0.019,0.019,0.019,0.019,0.019
499,0.001,0.019,0.019,0.019,0.019,0.019
500,0.001,0.019,0.019,0.019,0.019,0.019
501,0.001,0.019,0.019,0.019,0.019,0.019
502,0.001,0.019,0.019,0.019,0.019,0.019
503,0.001,0.019,0.019,0.019,0.019,0.019
504,0.001,0.019,0.019,0.019,0.019,0.019
505,0.001,0.019,0.019,0.019,0.019,0.019
506,0.001,0.019,0.019,0.019,0.019,0.019
507,0.001,0.019,0.019,0.019,0.019,0.019
508,0.001,0.019,0.019,0.019,0.019,0.019
509,0.001,0.019,0.019,0.019,0.019,0.019
510,0,0,0,0,0,0
511,0,0,0,0,0,0
512,0.001,0.019,0.019,0.019,0.019,0.019
513,0.001,0.019,0.019,0.019,0.019,0.019
514,0.001,0.019,0.019,0.019,0.019,0.019
515,0.001,0.019,0.019,0.019,0.019,0.019
516,0.001,0.019,0.019,0.019,0.019,0.019
517,0.001,0.019,0.019,0.019,0.019,0.019
518,0.001,0.019,0.019,0.019,0.019,0.019
519,0.001,0.019,0.019,0.019,0.019,0.019
520,0.001,0.019,0.019,0.019,0.019,0.019
521,0.001,0.019,0.019,0.019,0.019,0.019
522,0.001,0.019,0.019,0.019,0.019,0.019
523,0.001,0.019,0.019,0.019,0.019,0.019
524,0.001,0.019,0.019,0.019,0.019,0.019
525,0.001,0.019,0.019,0.019,0.019,0.019
526,0.001,0.019,0.019,0.019,0.019,0.019
527,0.001,0.019,0.019,0.019,0.019,0.019
528,0.001,0.019,0.019,0.019,0.019,0.019
529,0.001,0.019,0.019,0.019,0.019,0.019
530,0.001,0.019,0.019,0.019,0.019,0.019
531,0.001,0.019,0.019,0.019,0.019,0.019
532,0.001,0.019,0.019,0.019,0.019,0.019
533,0.001,0.019,0.019,0.019,0.019,0
534,0.001,0.019,0.019,0.019,0.019,0.019
535,0.001,0.019,0.019,0.019,0.019,0.019
536,0.001,0.019,0.019,0.019,0.019,0.019
537,0.001,0.019,0.019,0.019,0.019,0.019
538,0.001,0.019,0.019,0.019,0.019,0.019
539,0.001,0.019,0.019,0.019,0.019,0.019
540,0.001,0.019,0.019,0.019,0.019,0.019
541,0.001,0.019,0.019,0.019,0.019,0.019
542,0.001,0.019,0.019,0.019,0.019,0.019
543,0.001,0.019,0.019,0.019,0.019,0.019
544,0.001,0.019,0.019,0.019,0.019,0.019
545,0.001,0.019,0.019,0.019,0.019,0.019
546,0.001,0,0.019,0.019,0.019,0.019
547,0.001,0.019,0.019,0.019,0.019,0.019
548,0.001,0.019,0.019,0.019,0.019,0.019
549,0.001,0.019,0.019,0.019,0.019,0.019
550,0.001,0.019,0.019,0.019,0.019,0.019
551,0.001,0.019,0.019,0.019,0.019,0.019
552,0.001,0.019,0.019,0.019,0.019,0.019
553,0.001,0.019,0.019,0.019,0.019,0.019
554,0.001,0.019,0.019,0.019,0.019,0.019
555,0.001,0.019,0.019,0.019,0.019,0.019
556,0.001,0.019,0.019,0.019,0.019,0
557,0.001,0.019,0.019,0.019,0.019,0
558,0.001,0.019,0.019,0.019,0.019,0.019
559,0.001,0.019,0.019,0.019,0.019,0.019
560,0.001,0.019,0.019,0.019,0.019,0.019
561,0.001,0.019,0.019,0.019,0.019,0.019
562,0.001,0.019,0.019,0.019,0.019,0.019
563,0.001,0.019,0.019,0.019,0.019,0.019
564,0.001,0.019,0.019,0.019,0.019,0.019
565,0.001,0.019,0.019,0.019,0.019,0.019
566,0.001,0.019,0.019,0.019,0.019,0.019
567,0.001,0.019,0.019,0.019,0.019,0.019
568,0.001,0.019,0.019,0.019,0.019,0.019
569,0.001,0.019,0.019,0.019,0.019,0.019
570,0.001,0.019,0.019,0.019,0.019,0.019
571,0.001,0.019,0.019,0.019,0.019,0.019
572,0.001,0.019,0.019,0.019,0.019,0.019
573,0.001,0.019,0.019,0.019,0.019,0.019
574,0.001,0.019,0.019,0.019,0.019,0.019
575,0.001,0.019,0.019,0.019,0.019,0.019
576,0.001,0.019,0.019,0.019,0.019,0.019
577,0.001,0.019,0.019,0.019,0.019,0.019
578,0.001,0.019,0.019,0.019,0.019,0.019
579,0.001,0.019,0.019,0.019,0.019,0.019
580,0.001,0.019,0.019,0.019,0.019,0.019
581,0.001,0.019,0.019,0.019,0.019,0.019
582,0.001,0.019,0.019,0.019,0.019,0.019
583,0.001,0.019,0.019,0.019,0.005,0.019
584,0.001,0.019,0.019,0.019,0.019,0.019
585,0.001,0.019,0.019,0.019,0.019,0.019
586,0.001,0.019,0.019,0.019,0.019,0.019
587,0.001,0.019,0.019,0.019,0.019,0.019
588,0.001,0.019,0.019,0.019,0.019,0.019
589,0.001,0.019,0.019,0.019,0.019,0.019
590,0.001,0.019,0.019,0.019,0.019,0.019
591,0.001,0.019,0.019,0.019,0.019,0.019
592,0.001,0.019,0.019,0.019,0.019,0.019
593,0.001,0.019,0.019,0.019,0.019,0.019
594,0.001,0.019,0.019,0.019,0.019,0.019
595,0.001,0.019,0.019,0.019,0.019,0
596,0.001,0.019,0.019,0.019,0.019,0.019
597,0.001,0.019,0.019,0.019,0.019,0.019
598,0.001,0.019,0.019,0.019,0.019,0.019
599,0.001,0.019,0.019,0.019,0.019,0.019
600,0.001,0.019,0.019,0.019,0.019,0.019
601,0.001,0.019,0.019,0.019,0.019,0.019
602,0.001,0.019,0.019,0.019,0.019,0.019
603,0.001,0.019,0.019,0.019,0.019,0.019
604,0.001,0.019,0.019,0.019,0.019,0.019
605,0.001,0.019,0.019,0.019,0.019,0.019
606,0.001,0.019,0.019,0.019,0.019,0.019
607,0.001,0.019,0.019,0.019,0.005,0.019
608,0.001,0.019,0.019,0.019,0.019,0
609,0.001,0.019,0.019,0.019,0.019,0.019
610,0.001,0.019,0.019,0.019,0.019,0.019
611,0.001,0.019,0.019,0.019,0.019,0.019
612,0.001,0.019,0.019,0.019,0.019,0.019
613,0.001,0.019,0.019,0.019,0.019,0.019
614,0.001,0.019,0.019,0.019,0.019,0.019
615,0.001,0.019,0.019,0.019,0.019,0.019
616,0.001,0.019,0.019,0.019,0.019,0.019
617,0.001,0.019,0.019,0.019,0.019,0.019
618,0.001,0.019,0.019,0.019,0.019,0.019
619,0.001,0.019,0.019,0.019,0.019,0.019
620,0.001,0.019,0.019,0.019,0.019,0.019
621,0.001,0.019,0.019,0.019,0.019,0.019
622,0.001,0.019,0.019,0.019,0.019,0.019
623,0.001,0.019,0.019,0.019,0.019,0.019
624,0.001,0.019,0.019,0.019,0.019,0.019
625,0.001,0.019,0.019,0.019,0.019,0.019
626,0.001,0.019,0.019,0.019,0.019,0.019
627,0.001,0.019,0.019,0.019,0.019,0.019
628,0.001,0.019,0.019,0.019,0.019,0.019
629,0.001,0.019,0.019,0.019,0.019,0.019
630,0.001,0.019,0.019,0.019,0.019,0.019
631,0.001,0.019,0.019,0.019,0.019,0.019
632,0.001,0.019,0.019,0.019,0.019,0.019
633,0.001,0.019,0.019,0.019,0.019,0.019
634,0.001,0.019,0.019,0.019,0.019,0.019
635,0.001,0.019,0.019,0.019,0.019,0.019
636,0.001,0.019,0.019,0.019,0.019,0.019
637,0.001,0.019,0.019,0.019,0.019,0.019
638,0.001,0.019,0.019,0.019,0.019,0.019
639,0.001,0.019,0.019,0.019,0.019,0.019
640,0.001,0.019,0.019,0.019,0.019,0.019
641,0.001,0.019,0.019,0.019,0.019,0.019
642,0.001,0.019,0.019,0.019,0.019,0.019
643,0.001,0.019,0.019,0.019,0.019,0.019
644,0.001,0.019,0.019,0.019,0.019,0.019
645,0.001,0.019,0.019,0.019,0.019,0.019
646,0.001,0.019,0.019,0.019,0.019,0.019
647,0.001,0.019,0.019,0.019,0.019,0.019
648,0.001,0.019,0.019,0.019,0.019,0.019
649,0.001,0.019,0.019,0.019,0.019,0.019
650,0.001,0.019,0.019,0.019,0.019,0.019
651,0.001,0.019,0.019,0.019,0.019,0.019
652,0.001,0.019,0.019,0.019,0.019,0.019
653,0.001,0.019,0.019,0.019,0.019,0
654,0.001,0.019,0.019,0.019,0.019,0.019
655,0.001,0.019,0.019,0.019,0.019,0.019
656,0.001,0.019,0.019,0.019,0.019,0.019
657,0.001,0.019,0.019,0.019,0.019,0.019
658,0.001,0.019,0.019,0.019,0.019,0.019
659,0.001,0.019,0.019,0.019,0.019,0.019
660,0.001,0.019,0.019,0.019,0.019,0.019
661,0.001,0.019,0.019,0.019,0.019,0.019
662,0.001,0.019,0.019,0.019,0.019,0.019
663,0.001,0.019,0.019,0.019,0.019,0.019
664,0.001,0.019,0.019,0.019,0.019,0.019
665,0.001,0.019,0.019,0.019,0.019,0.019
666,0.001,0.019,0.019,0.019,0.019,0.019
667,0.001,0.019,0.019,0.019,0.019,0.019
668,0.001,0.019,0.019,0.019,0.019,0.019
669,0.001,0.019,0.019,0.019,0.019,0.019
670,0.001,0.019,0.019,0.019,0.019,0.019
671,0.001,0.019,0.019,0.019,0.019,0.019
672,0.001,0.019,0.019,0.019,0.019,0.019
673,0.001,0.019,0.019,0.019,0.019,0.019
674,0.001,0.019,0.019,0.019,0.019,0.019
675,0.001,0.019,0.019,0.019,0.019,0.019
676,0.001,0.019,0.019,0.019,0.019,0.019
677,0.001,0.019,0.019,0.019,0.005,0.019
678,0.001,0.019,0.019,0.019,0.019,0.019
679,0.001,0.019,0.019,0.019,0.019,0.019
680,0.001,0.019,0.019,0.019,0.019,0.019
681,0.001,0.019,0.019,0.019,0.019,0.019
682,0.001,0.019,0.019,0.019,0.019,0.019
683,0.001,0.019,0.019,0.019,0.019,0.019
684,0.001,0.019,0.019,0.019,0.019,0.019
685,0.001,0.019,0.019,0.019,0.019,0.019
686,0.001,0.019,0.019,0.019,0.019,0.019
687,0.001,0.019,0.019,0.019,0.019,0.019
688,0.001,0.019,0.019,0.019,0.019,0.019
689,0.001,0.019,0.019,0.019,0.019,0.019
690,0.001,0.019,0.019,0.019,0.019,0.019
691,0.001,0.019,0.019,0.019,0.019,0.019
692,0.001,0.019,0.019,0.019,0.019,0.019
693,0.001,0.019,0.019,0.019,0.019,0.019
694,0.001,0.019,0.019,0.019,0.019,0.019
695,0.001,0.019,0.019,0.019,0.019,0.019
696,0.001,0.019,0.019,0.019,0.019,0.019
697,0.001,0.019,0.019,0.019,0.019,0.019
698,0.001,0.019,0.019,0.019,0.019,0.019
699,0.001,0.019,0.019,0.019,0.019,0.019
700,0.001,0.019,0.019,0.019,0.019,0.019
701,0.001,0.019,0.019,0.019,0.019,0.019
702,0.001,0.019,0.019,0.019,0.019,0.019
703,0.001,0.019,0.019,0.019,0.019,0.019
704,0.001,0.019,0.019,0.019,0.019,0.019
705,0.001,0.019,0.019,0.019,0.019,0.019
706,0.001,0.019,0.019,0.019,0.019,0.019
707,0.001,0.019,0.019,0.019,0.019,0.019
708,0.001,0.019,0.019,0.019,0.019,0.019
709,0.001,0.019,0.019,0.019,0.019,0.019
710,0.001,0.019,0.019,0.019,0.019,0.019
711,0.001,0.019,0.019,0.019,0.019,0.019
712,0.001,0.019,0.019,0.019,0.019,0.019
713,0.001,0.019,0.019,0.019,0.019,0.019
714,0.001,0.019,0.019,0.019,0.019,0.019
715,0.001,0.019,0.019,0.019,0.019,0.019
716,0.001,0.019,0.019,0.019,0.019,0.019
717,0.001,0.019,0.019,0.019,0.019,0.019
718,0.001,0.019,0.019,0.019,0.019,0.019
719,0.001,0.019,0.019,0.019,0.019,0.019
720,0.001,0.019,0.019,0.019,0.019,0.019
721,0.001,0.019,0.019,0.019,0.019,0.019
722,0.001,0.019,0.019,0.019,0.019,0.019
723,0.001,0.019,0.019,0.019,0.019,0.019
724,0.001,0.019,0.019,0.019,0.019,0.019
725,0.001,0.019,0.019,0.019,0.019,0.019
726,0.001,0.019,0.019,0.019,0.019,0.019
727,0.001,0.019,0.019,0.019,0.019,0.019
728,0.001,0.019,0.019,0.019,0.019,0.019
729,0.001,0.019,0.019,0.019,0.019,0.019
730,0.001,0.019,0.019,0.019,0.019,0.019
731,0.001,0.019,0.019,0.019,0.019,0.019
732,0.001,0.019,0.019,0.019,0.019,0.019
733,0.001,0.019,0.019,0.019,0.019,0.019
734,0.001,0.019,0.019,0.019,0.019,0.019
735,0.001,0.019,0.019,0.019,0.019,0.019
736,0.001,0.019,0.019,0.019,0,0.019
737,0.001,0.019,0.019,0.019,0.019,0.019
738,0.001,0.019,0.019,0.019,0.019,0.019
739,0.001,0.019,0.019,0.019,0.019,0.019
740,0.001,0.019,0.019,0.019,0.019,0.019
741,0.001,0.019,0.019,0.019,0.019,0.019
742,0.001,0.019,0.019,0.019,0.019,0.019
743,0.001,0.019,0.019,0.019,0.019,0.019
744,0.001,0.019,0.019,0.019,0.019,0.019
745,0.001,0.019,0.019,0.019,0.019,0.019
746,0.001,0.019,0.019,0.019,0.019,0.019
747,0.001,0.019,0.019,0.019,0.019,0.019
748,0.001,0.019,0.019,0.019,0.019,0.019
749,0.001,0.019,0.019,0.019,0.019,0.019
750,0.001,0.019,0.019,0.019,0.019,0.019
751,0.001,0.019,0.019,0.019,0.019,0.019
752,0.001,0.019,0.019,0.019,0.019,0.019
753,0.001,0.019,0.019,0.019,0.019,0.019
754,0.001,0.019,0.019,0.019,0.019,0.019
755,0.001,0.019,0.019,0.019,0.019,0.019
756,0.001,0.019,0.019,0.019,0.019,0.019
757,0.001,0.019,0.019,0.019,0.019,0.019
758,0.001,0.019,0.019,0.019,0.019,0.019
759,0.001,0.019,0.019,0.019,0.019,0.019
760,0.001,0.019,0.019,0.019,0.019,0.019
761,0.001,0.019,0.019,0.019,0.019,0.019
762,0.001,0.019,0.019,0.019,0.019,0.019
763,0.001,0.019,0.019,0.019,0.019,0.019
764,0.001,0.019,0.019,0.019,0.019,0.019
765,0.001,0.019,0.019,0.019,0.019,0.019
766,0.001,0.019,0.019,0.019,0.019,0.019
767,0.001,0.019,0.019,0.019,0.019,0.019
768,0.001,0.019,0.019,0.019,0.019,0.019
769,0.001,0.019,0.019,0.019,0.019,0.019
770,0.001,0.019,0.019,0.019,0.019,0.019
771,0.001,0.019,0.019,0.019,0.019,0.019
772,0.001,0.019,0.019,0.019,0.019,0.019
773,0.001,0.019,0.019,0.019,0.019,0.019
774,0.001,0.019,0.019,0.019,0.019,0.019
775,0.001,0.019,0.019,0.019,0.019,0.019
776,0.001,0.019,0.019,0.019,0.019,0.019
777,0.001,0.019,0.019,0.019,0.019,0.019
778,0.001,0.019,0.019,0.019,0.019,0.019
779,0.001,0.019,0.019,0.019,0.019,0.019
780,0.001,0.019,0.019,0.019,0.019,0.019
781,0.001,0.019,0.019,0.019,0.019,0.019
782,0.001,0.019,0.019,0.019,0.019,0.019
783,0.001,0.019,0.019,0.019,0.019,0.019
784,0.001,0.019,0.019,0.019,0.019,0.019
785,0.001,0.019,0.019,0.019,0.019,0.019
786,0.001,0.019,0.019,0.019,0.019,0.019
787,0.001,0.019,0.019,0.019,0.019,0.019
788,0.001,0.019,0.019,0.019,0.019,0.019
789,0.001,0.019,0.019,0.019,0.019,0.019
790,0.001,0.019,0.019,0.019,0.019,0.019
791,0.001,0.019,0.019,0.019,0.019,0.019
792,0.001,0.019,0.019,0.019,0.019,0.019
793,0.001,0.019,0.019,0.019,0.019,0.019
794,0.001,0.019,0.019,0.019,0.019,0.019
795,0.001,0.019,0.019,0.019,0.019,0.019
796,0.001,0.019,0.019,0.019,0.019,0.019
797,0.001,0.019,0.019,0.019,0.019,0.019
798,0.001,0.019,0.019,0.019,0.019,0.019
799,0.001,0.019,0.019,0.019,0.019,0.019
800,0.001,0.019,0.019,0.019,0.019,0.019
801,0.001,0.019,0.019,0.019,0.019,0.019
802,0.001,0.019,0.019,0.019,0.019,0.019
803,0.001,0.019,0.019,0.019,0.019,0.019
804,0.001,0.019,0.019,0.019,0.019,0.019
805,0.001,0.019,0.019,0.019,0.019,0.019
806,0.001,0.019,0.019,0.019,0.019,0.019
807,0.001,0.019,0.019,0.019,0.019,0.019
808,0.001,0.019,0.019,0.019,0.019,0.019
809,0.001,0.019,0.019,0.019,0.019,0.019
810,0.001,0.019,0.019,0.019,0.019,0.019
811,0.001,0.019,0.019,0.019,0.019,0.019
812,0.001,0.019,0.019,0.019,0.019,0.019
813,0.001,0.019,0.019,0.019,0.019,0.019
814,0.001,0.019,0.019,0.019,0.019,0.019
815,0.001,0.019,0.019,0.019,0.019,0.019
816,0.001,0.019,0.019,0.019,0.019,0.019
817,0.001,0.019,0.019,0.019,0.019,0.019
818,0.001,0.019,0.019,0.019,0.019,0.019
819,0.001,0.019,0.019,0.019,0.019,0.019
820,0.001,0.019,0.019,0.019,0.019,0.019
821,0.001,0.019,0.019,0.019,0.019,0
822,0.001,0.019,0.019,0.019,0.019,0.019
823,0.001,0.019,0.019,0.019,0.019,0.019
824,0.001,0.019,0.019,0.019,0.019,0.019
825,0.001,0.019,0.019,0.019,0.019,0.019
826,0.001,0.019,0.019,0.019,0.019,0.019
827,0.001,0.019,0.019,0.019,0.019,0.019
828,0.001,0.019,0.019,0.019,0.019,0.019
829,0.001,0.019,0.019,0.019,0.019,0.019
830,0.001,0.019,0.019,0.019,0.019,0.019
831,0.001,0.019,0.019,0.019,0.019,0.019
832,0.001,0.019,0.019,0.019,0.019,0.019
833,0.001,0.019,0.019,0.019,0.019,0.019
834,0.001,0.019,0.019,0.019,0.019,0.019
835,0.001,0.019,0.019,0.019,0.019,0.019
836,0.001,0.019,0.019,0.019,0.019,0.019
837,0.001,0.019,0.019,0.019,0.019,0.019
838,0.001,0.019,0.019,0.019,0.019,0.019
839,0.001,0.019,0.019,0.019,0.019,0.019
840,0.001,0.019,0.019,0.019,0.019,0.019
841,0.001,0.019,0.019,0.019,0.019,0.019
842,0.001,0.019,0.019,0.019,0.019,0.019
843,0.001,0.019,0.019,0.019,0.019,0.019
844,0.001,0.019,0.019,0.019,0.019,0.019
845,0.001,0.019,0.019,0.019,0.019,0.019
846,0.001,0.019,0.019,0.019,0.019,0.019
847,0.001,0.019,0.019,0.019,0.019,0.019
848,0.001,0.019,0.019,0.019,0.019,0.019
849,0.001,0.019,0.019,0.019,0.019,0.019
850,0.001,0.019,0.019,0.019,0.019,0.019
851,0.001,0.019,0.019,0.019,0.019,0.019
852,0.001,0.019,0.019,0.019,0.019,0.019
853,0.001,0.019,0.019,0.019,0.019,0.019
854,0.001,0.019,0.019,0.019,0.019,0.019
855,0.001,0.019,0.019,0.019,0.019,0.019
856,0.001,0.019,0.019,0.019,0.019,0.019
857,0.001,0.019,0.019,0.019,0.019,0.019
858,0.001,0.019,0.019,0.019,0.019,0.019
859,0.001,0.019,0.019,0.019,0.019,0.019
860,0.001,0.019,0.019,0.019,0.019,0.019
861,0.001,0.019,0.019,0.019,0.019,0
862,0.001,0.019,0.019,0.019,0.019,0.019
863,0.001,0.019,0.019,0.019,0.005,0.019
864,0.001,0.019,0.019,0.019,0.019,0.019
865,0.001,0.019,0.019,0.019,0.019,0.019
866,0.001,0.019,0.019,0.019,0.019,0.019
867,0.001,0.019,0.019,0.019,0.019,0.019
868,0.001,0.019,0.019,0.019,0.019,0.019
869,0.001,0.019,0.019,0.019,0.019,0.019
870,0.001,0.019,0.019,0.019,0.019,0.019
871,0.001,0.019,0.019,0.019,0.019,0.019
872,0.001,0.019,0.019,0.019,0.019,0.019
873,0.001,0.019,0.019,0.019,0.019,0.019
874,0,0,0,0,0,0
875,0.001,0.019,0.019,0.019,0.019,0.019
876,0.001,0.019,0.019,0.019,0.019,0.019
877,0.001,0.019,0.019,0.019,0.019,0.019
878,0.001,0.019,0.019,0.019,0.019,0.019
879,0.001,0.019,0.019,0.019,0.019,0.019
880,0.001,0.019,0.019,0.019,0.019,0.019
881,0.001,0.019,0.019,0.019,0.019,0.019
882,0.001,0.019,0.019,0.019,0.019,0.019
883,0.001,0.019,0.019,0.019,0.019,0.019
884,0.001,0.019,0.019,0.019,0.019,0.019
885,0.001,0.019,0.019,0.019,0.019,0
886,0.001,0.019,0.019,0.019,0.019,0.019
887,0.001,0.019,0.019,0.019,0.019,0.019
888,0.001,0.019,0.019,0.019,0.019,0.019
889,0.001,0.019,0.019,0.019,0.019,0.019
890,0.001,0.019,0.019,0.019,0.019,0.019
891,0.001,0.019,0.019,0.019,0.019,0.019
892,0.001,0.019,0.019,0.019,0.019,0.019
893,0.001,0.019,0.019,0.019,0.019,0.019
894,0.001,0.019,0.019,0.019,0.019,0.019
895,0.001,0.019,0.019,0.019,0.019,0.019
896,0.001,0.019,0.019,0.019,0.019,0.019
897,0.001,0.019,0.019,0.019,0.019,0.019
898,0.001,0.019,0.019,0.019,0.019,0.019
899,0.001,0.019,0.019,0.019,0.019,0.019
900,0.001,0.019,0.019,0.019,0.019,0.019
901,0.001,0.019,0.019,0.019,0.019,0.019
902,0.001,0.019,0.019,0.019,0.019,0
903,0.001,0.019,0.019,0.019,0.019,0.019
904,0.001,0.019,0.019,0.019,0.019,0.019
905,0.001,0.019,0.019,0.019,0.019,0.019
906,0.001,0.019,0.019,0.019,0.019,0.019
907,0.001,0.019,0.019,0.019,0.019,0.019
908,0.001,0.019,0.019,0.019,0.019,0.019
909,0.001,0.019,0.019,0.019,0.019,0.019
910,0.001,0.019,0.019,0.019,0.019,0.019
911,0.001,0.019,0.019,0.019,0.019,0.019
912,0.001,0.019,0.019,0.019,0.019,0.019
913,0.001,0.019,0.019,0.019,0.019,0.019
914,0.001,0.019,0.019,0.019,0.019,0.019
915,0.001,0.019,0.019,0.019,0.019,0.019
916,0.001,0.019,0.019,0.019,0.019,0.019
917,0.001,0.019,0.019,0.019,0.019,0.019
918,0.001,0.019,0.019,0.019,0.019,0.019
919,0.001,0.019,0.019,0.019,0.019,0.019
920,0.001,0.019,0.019,0.019,0.019,0.019
921,0.001,0.019,0.019,0.019,0.019,0.019
922,0.001,0.019,0.019,0.019,0.019,0.019
923,0.001,0.019,0.019,0.019,0.019,0.019
924,0.001,0.019,0.019,0.019,0.019,0.019
925,0.001,0.019,0.019,0.019,0.019,0.019
926,0.001,0.019,0.019,0.019,0.019,0.019
927,0.001,0.019,0.019,0.019,0.019,0.019
928,0.001,0.019,0.019,0.019,0.019,0.019
929,0.001,0.019,0.019,0.019,0.019,0.019
930,0.001,0.019,0.019,0.019,0.019,0.019
931,0.001,0.019,0.019,0.019,0.019,0.019
932,0.001,0.019,0.019,0.019,0.019,0.019
933,0.001,0.019,0.019,0.019,0.019,0.019
934,0.001,0.019,0.019,0.019,0.019,0.019
935,0.001,0.019,0.019,0.019,0.019,0.019
936,0.001,0.019,0.019,0.019,0.019,0.019
937,0.001,0.019,0.019,0.019,0.019,0.019
938,0.001,0.019,0.019,0.019,0.019,0.019
939,0.001,0.019,0.019,0.019,0.019,0.019
940,0.001,0.019,0.019,0.019,0.019,0.019
941,0.001,0.019,0.019,0.019,0.019,0.019
942,0.001,0.019,0.019,0.019,0.019,0.019
943,0.001,0.019,0.019,0.019,0.019,0.019
944,0.001,0.019,0.019,0.019,0.019,0.019
945,0.001,0.019,0.019,0.019,0.019,0.019
946,0.001,0.019,0.019,0.019,0.019,0
947,0.001,0.019,0.019,0.019,0.019,0.019
948,0.001,0.019,0.019,0.019,0.019,0.019
949,0.001,0.019,0.019,0.019,0.019,0.019
950,0.001,0.019,0.019,0.019,0.019,0.019
951,0.001,0.019,0.019,0.019,0.019,0.019
952,0.001,0.019,0.019,0.019,0.019,0.019
953,0.001,0.019,0.019,0.019,0.019,0.019
954,0.001,0.019,0.019,0.019,0.019,0.019
955,0.001,0.019,0.019,0.019,0.019,0.019
956,0.001,0.019,0.019,0.019,0.019,0.019
957,0.001,0.019,0.019,0.019,0.019,0.019
958,0.001,0.019,0.019,0.019,0.019,0.019
959,0.001,0.019,0.019,0.019,0.019,0.019
960,0.001,0.019,0.019,0.019,0.019,0.019
961,0.001,0.019,0.019,0.019,0.019,0.019
962,0.001,0.019,0.019,0.019,0.019,0.019
963,0.001,0.019,0.019,0.019,0.019,0.019
964,0.001,0.019,0.019,0.019,0.019,0.019
965,0.001,0.019,0.019,0.019,0.019,0.019
966,0.001,0.019,0.019,0.019,0.019,0.019
967,0.001,0.019,0.019,0.019,0.019,0.019
968,0.001,0.019,0.019,0.019,0.019,0.019
969,0.001,0.019,0.019,0.019,0.019,0.019
970,0.001,0.019,0.019,0.019,0.019,0.019
971,0.001,0.019,0.019,0.019,0.019,0.019
972,0.001,0.019,0.019,0.019,0.019,0.019
973,0.001,0.019,0.019,0.019,0.019,0.019
974,0.001,0.019,0.019,0.019,0.019,0.019
975,0.001,0.019,0.019,0.019,0.019,0.019
976,0.001,0.019,0.019,0.019,0.019,0.019
977,0.001,0.019,0.019,0.019,0.019,0.019
978,0.001,0.019,0.019,0.019,0.019,0.019
979,0.001,0.019,0.019,0.019,0.019,0
980,0.001,0.019,0.019,0.019,0.019,0.019
981,0.001,0.019,0.019,0.019,0.019,0.019
982,0.001,0.019,0.019,0.019,0.019,0.019
983,0.001,0.019,0.019,0.019,0.019,0.019
984,0.001,0.019,0.019,0.019,0.019,0.019
985,0.001,0.019,0.019,0.019,0.019,0.019
986,0.001,0.019,0.019,0.019,0.019,0.019
987,0.001,0.019,0.019,0.019,0.019,0.019
988,0.001,0.019,0,0.019,0.019,0.019
989,0.001,0.019,0.019,0.019,0.019,0.019
990,0.001,0.019,0.019,0.019,0.019,0.019
991,0.001,0.019,0.019,0.019,0.019,0.019
992,0.001,0.019,0.019,0.019,0.019,0.019
993,0.001,0.019,0.019,0.019,0.019,0.019
994,0.001,0.019,0.019,0.019,0.019,0.019
995,0.001,0.019,0.019,0.019,0.019,0.019
996,0.001,0.019,0.019,0.019,0.019,0.019
997,0.001,0.019,0.019,0.019,0.019,0.019
998,0.001,0.019,0.019,0.019,0.019,0.019
999,0.001,0.019,0.019,0.019,0.019,0.019
1000,0.001,0.019,0.019,0.019,0.019,0.019
1001,0.001,0.019,0.019,0.019,0.019,0.019
1002,0.001,0.019,0.019,0.019,0.019,0.019
1003,0.001,0.019,0.019,0.019,0.019,0.019
1004,0.001,0.019,0.019,0.019,0.019,0.019
1005,0.001,0.019,0.019,0.019,0.019,0.019
1006,0.001,0.019,0.019,0.019,0.019,0.019
1007,0.001,0.019,0.019,0.019,0.019,0.019
1008,0.001,0.019,0.019,0.019,0.019,0.019
1009,0.001,0.019,0.019,0.019,0.019,0.019
1010,0.001,0.019,0.019,0.019,0.019,0.019
1011,0.001,0.019,0.019,0.019,0.019,0.019
1012,0.001,0.019,0.019,0.019,0.019,0.019
1013,0.001,0.019,0.019,0.019,0.019,0.019
1014,0.001,0.019,0.019,0.019,0.019,0.019
1015,0.001,0.019,0.019,0.019,0.019,0.019
1016,0.001,0.019,0.019,0.019,0.019,0.019
1017,0.001,0,0.019,0.019,0.019,0.019
1018,0.001,0.019,0.019,0.019,0.019,0.019
1019,0,0,0,0,0,0
1020,0.001,0.019,0.019,0.019,0.019,0.019
1021,0.001,0.019,0.019,0.019,0.019,0.019
1022,0.001,0.019,0.019,0.019,0.019,0.019
1023,0.001,0.019,0.019,0.019,0.019,0.019
1024,0.001,0.019,0.019,0.019,0.019,0.019
1025,0.001,0.019,0.019,0.019,0.019,0.019
1026,0.001,0.019,0.019,0.019,0.019,0.019
1027,0.001,0.019,0.019,0.019,0.019,0.019
1028,0.001,0.019,0.019,0.019,0.019,0.019
1029,0.001,0.019,0.019,0.019,0.019,0.019
1030,0.001,0.019,0.019,0.019,0.019,0.019
1031,0.001,0.019,0.019,0.019,0.019,0.019
1032,0.001,0.019,0.019,0.019,0.019,0.019
1033,0.001,0.019,0.019,0.019,0.019,0.019
1034,0.001,0.019,0.019,0.019,0.019,0.019
1035,0.001,0.019,0.019,0.019,0.019,0.019
1036,0.001,0.019,0.019,0.019,0.019,0.019
1037,0.001,0.019,0.019,0.019,0.019,0.019
1038,0.001,0.019,0.019,0.019,0.019,0.019
1039,0.001,0.019,0.019,0.019,0.019,0.019
1040,0.001,0.019,0.019,0.019,0.019,0.019
1041,0.001,0.019,0.019,0.019,0.019,0.019
1042,0.001,0.019,0.019,0.019,0.019,0.019
1043,0.001,0.019,0.019,0.019,0.019,0.019
1044,0.001,0.019,0.019,0.019,0.019,0.019
1045,0.001,0.019,0.019,0.019,0.019,0.019
1046,0.001,0.019,0.019,0.019,0.019,0.019
1047,0.001,0.019,0.019,0.019,0.019,0.019
1048,0.001,0.019,0.019,0.019,0.019,0.019
1049,0.001,0.019,0.019,0.019,0.019,0.019
1050,0.001,0.019,0.019,0.019,0.019,0.019
1051,0.001,0.019,0.019,0.019,0.019,0.019
1052,0.001,0.019,0.019,0.019,0.019,0.019
1053,0.001,0.019,0.019,0.019,0.019,0.019
1054,0.001,0.019,0.019,0.019,0.019,0.019
1055,0.001,0.019,0.019,0.019,0.019,0.019
1056,0.001,0.019,0.019,0.019,0.019,0.019
1057,0.001,0.019,0.019,0.019,0.019,0.019
1058,0.001,0.019,0.019,0.019,0.019,0.019
1059,0.001,0.019,0.019,0.019,0.019,0.019
1060,0.001,0.019,0.019,0.019,0.019,0.019
1061,0.001,0.019,0.019,0.019,0.019,0.019
1062,0.001,0.019,0.019,0.019,0.019,0.019
1063,0.001,0.019,0.019,0.019,0.019,0.019
1064,0.001,0.019,0.019,0.019,0.019,0.019
1065,0.001,0.019,0.019,0.019,0.019,0.019
1066,0.001,0.019,0.019,0.019,0.019,0.019
1067,0.001,0.019,0.019,0.019,0.019,0.019
1068,0.001,0.019,0.019,0.019,0.019,0.019
1069,0.001,0.019,0.019,0.019,0.019,0.019
1070,0.001,0.019,0.019,0.019,0.019,0.019
1071,0.001,0.019,0.019,0.019,0.019,0.019
1072,0.001,0.019,0.019,0.019,0.019,0.019
1073,0.001,0.019,0.019,0.019,0.019,0.019
1074,0.001,0.019,0.019,0.019,0.019,0.019
1075,0.001,0.019,0.019,0.019,0.019,0.019
1076,0.001,0.019,0.019,0.019,0.019,0.019
1077,0.001,0.019,0.019,0.019,0.019,0.019
1078,0.001,0.019,0.019,0.019,0.019,0.019
1079,0.001,0.019,0.019,0.019,0.019,0.019
1080,0.001,0.019,0.019,0.019,0.019,0.019
1081,0.001,0.019,0.019,0.019,0.019,0.019
1082,0.001,0.019,0.019,0.019,0.019,0.019
1083,0.001,0.019,0.019,0.019,0.019,0.019
1084,0.001,0.019,0.019,0.019,0.019,0.019
1085,0.001,0.019,0.019,0.019,0.019,0.019
1086,0.001,0.019,0.019,0.019,0.019,0.019
1087,0.001,0.019,0.019,0.019,0.019,0.019
1088,0.001,0.019,0.019,0.019,0.019,0.019
1089,0.001,0.019,0.019,0.019,0.019,0.019
1090,0.001,0.019,0.019,0.019,0.019,0.019
1091,0.001,0.019,0.019,0.019,0.019,0.019
1092,0.001,0.019,0.019,0.019,0.019,0.019
1093,0.001,0.019,0.019,0.019,0.019,0.019
1094,0.001,0.019,0.019,0.019,0.019,0.019
1095,0.001,0.019,0.019,0.019,0.019,0.019
1096,0.001,0.019,0.019,0.019,0.019,0.019
1097,0.001,0.019,0.019,0.019,0.019,0.019
1098,0.001,0.019,0.019,0.019,0.019,0.019
1099,0.001,0.019,0.019,0.019,0.019,0.019
1100,0,0,0,0,0,0
1101,0,0,0,0,0,0
1102,0.001,0.019,0.019,0.019,0.019,0.019
1103,0.001,0.019,0.019,0.019,0.019,0.019
1104,0.001,0.019,0.019,0.019,0.019,0.019
1105,0.001,0.019,0.019,0.019,0.019,0.019
1106,0.001,0.019,0.019,0.019,0.019,0.019
1107,0.001,0.019,0.019,0.019,0.019,0.019
1108,0.001,0.019,0.019,0.019,0.019,0.019
1109,0.001,0.019,0.019,0.019,0.019,0.019
1110,0.001,0.019,0.019,0.019,0.019,0.019
1111,0.001,0.019,0.019,0.019,0.019,0.019
1112,0.001,0.019,0.019,0.019,0.019,0.019
1113,0.001,0.019,0.019,0.019,0.019,0.019
1114,0.001,0.019,0.019,0.019,0.019,0.019
1115,0.001,0.019,0.019,0.019,0.019,0.019
1116,0.001,0.019,0.019,0.019,0.019,0.019
1117,0.001,0.019,0.019,0.019,0.019,0.019
1118,0.001,0.019,0.019,0.019,0.019,0.019
1119,0.001,0.019,0.019,0.019,0.019,0.019
1120,0.001,0.019,0.019,0.019,0.019,0.019
1121,0.001,0.019,0.019,0.019,0.019,0.019
1122,0.001,0.019,0.019,0.019,0.019,0.019
1123,0.001,0.019,0.019,0.019,0.019,0.019
1124,0.001,0.019,0.019,0.019,0.019,0.019
1125,0.001,0.019,0.019,0.019,0.019,0.019
1126,0.001,0.019,0.019,0.019,0.019,0.019
1127,0.001,0.019,0.019,0.019,0.019,0
1128,0.001,0.019,0.019,0.019,0.019,0.019
1129,0.001,0.019,0.019,0.019,0.019,0.019
1130,0.001,0.019,0.019,0.019,0.019,0.019
1131,0.001,0.019,0.019,0.019,0.019,0.019
1132,0.001,0.019,0.019,0.019,0.019,0.019
1133,0.001,0.019,0.019,0.019,0.019,0.019
1134,0.001,0.019,0.019,0.019,0.019,0.019
1135,0.001,0.019,0.019,0.019,0.019,0.019
1136,0.001,0.019,0.019,0.019,0.019,0.019
1137,0.001,0.019,0.019,0.019,0.019,0.019
1138,0.001,0.019,0.019,0.019,0.019,0.019
1139,0.001,0.019,0.019,0.019,0.019,0.019
1140,0.001,0.019,0.019,0.019,0.019,0.019
1141,0.001,0.019,0.019,0.019,0.019,0.019
1142,0.001,0.019,0.019,0.019,0.019,0.019
1143,0.001,0.019,0.019,0.019,0.019,0.019
1144,0.001,0.019,0.019,0.019,0.019,0.019
1145,0.001,0.019,0.019,0.019,0.019,0.019
1146,0.001,0.019,0.019,0.019,0.019,0
1147,0.001,0.019,0.019,0.019,0.019,0.019
1148,0.001,0.019,0.019,0.019,0.019,0.019
1149,0.001,0.019,0.019,0.019,0.019,0.019
1150,0.001,0.019,0.019,0.019,0.019,0.019
1151,0.001,0.019,0.019,0.019,0.019,0.019
1152,0.001,0.019,0.019,0.019,0.019,0.019
1153,0,0,0,0,0,0
1154,0,0,0,0,0,0
1155,0,0,0,0,0,0
1156,0,0,0,0,0,0
1157,0,0,0,0,0,0
1158,0,0,0,0,0,0
1159,0.001,0.019,0.019,0.019,0.019,0.019
1160,0.001,0.019,0.019,0.019,0.019,0.019
1161,0,0,0,0,0,0
1162,0.001,0.019,0.019,0.019,0.019,0.019
1163,0.001,0.019,0.019,0.019,0.019,0.019
1164,0.001,0.019,0.019,0.019,0.019,0.019
1165,0.001,0.019,0.019,0.019,0.019,0.019
1166,0,0,0,0,0,0
1167,0,0,0,0,0,0
1168,0.001,0.019,0.019,0.019,0.019,0.019
1169,0,0,0,0,0,0
1170,0,0,0,0,0,0
1171,0,0,0,0,0,0
1172,0,0,0,0,0,0
1173,0,0,0,0,0,0
1174,0,0,0,0,0,0
1175,0,0,0,0,0,0
1176,0,0,0,0,0,0
1177,0.001,0.019,0.019,0.019,0.019,0.019
1178,0.001,0.019,0.019,0.019,0.019,0.019
1179,0.001,0.019,0.019,0.019,0.019,0.019
1180,0.001,0.019,0.019,0.019,0.019,0.019
1181,0.001,0.019,0.019,0.019,0.019,0.019
1182,0.001,0.019,0.019,0.019,0.019,0.019
1183,0.001,0.019,0.019,0.019,0.019,0.019
1184,0.001,0.019,0.019,0.019,0.019,0.019
1185,0.001,0.019,0.019,0.019,0.019,0.019
1186,0.001,0.019,0.019,0.019,0.019,0.019
1187,0.001,0.019,0.019,0.019,0.019,0.019
1188,0.001,0.019,0.019,0.019,0.019,0.019
1189,0.001,0.019,0.019,0.019,0.019,0.019
1190,0.001,0.019,0.019,0.019,0.019,0.019
1191,0.001,0.019,0.019,0.019,0.019,0.019
1192,0.001,0.019,0.019,0.019,0.019,0.019
1193,0.001,0.019,0.019,0.019,0.019,0.019
1194,0.001,0.019,0.019,0.019,0.019,0.019
1195,0.001,0.019,0.019,0.019,0.019,0.019
1196,0.001,0.019,0.019,0.019,0.019,0.019
1197,0.001,0.019,0.019,0.019,0.019,0.019
1198,0.001,0.019,0.019,0.019,0.019,0.019
1199,0.001,0.019,0.019,0.019,0.019,0.019
1200,0.001,0.019,0.019,0.019,0.019,0.019
1201,0.001,0.019,0.019,0.019,0.019,0.019
1202,0.001,0.019,0.019,0.019,0.019,0.019
1203,0.001,0.019,0.019,0.019,0.019,0.019
1204,0.001,0.019,0.019,0.019,0.019,0.019
1205,0.001,0.019,0.019,0.019,0.019,0.019
1206,0.001,0.019,0.019,0.019,0.019,0.019
1207,0.001,0.019,0.019,0.019,0.019,0.019
1208,0.001,0.019,0.019,0.019,0.019,0.019
1209,0.001,0.019,0.019,0.019,0.019,0.019
1210,0.001,0.019,0.019,0.019,0.019,0.019
1211,0.001,0.019,0.019,0.019,0.019,0.019
1212,0.001,0.019,0.019,0.019,0.019,0.019
1213,0.001,0.019,0.019,0.019,0.019,0.019
1214,0.001,0.019,0.019,0.019,0.019,0.019
1215,0.001,0.019,0.019,0.019,0.019,0.019
1216,0.001,0.019,0.019,0.019,0.019,0.019
1217,0.001,0.019,0.019,0.019,0.019,0.019
1218,0.001,0.019,0.019,0.019,0.019,0.019
1219,0.001,0.019,0.019,0.019,0.019,0.019
1220,0.001,0.019,0.019,0.019,0.019,0.019
1221,0.001,0.019,0.019,0.019,0.019,0.019
1222,0.001,0.019,0.019,0.019,0.019,0.019
1223,0.001,0.019,0.019,0.019,0.019,0.019
1224,0.001,0.019,0.019,0.019,0.019,0.019
1225,0.001,0.019,0.019,0.019,0.019,0.019
1226,0.001,0.019,0.019,0.019,0.019,0.019
1227,0.001,0.019,0.019,0.019,0.019,0.019
1228,0.001,0.019,0.019,0.019,0.019,0.019
1229,0.001,0.019,0.019,0.019,0.019,0.019
1230,0.001,0.019,0.019,0.019,0.019,0.019
1231,0.001,0.019,0.019,0.019,0.019,0.019
1232,0.001,0.019,0.019,0.019,0.019,0.019
1233,0.001,0.019,0.019,0.019,0.019,0.019
1234,0.001,0.019,0.019,0.019,0.019,0.019
1235,0.001,0.019,0.019,0.019,0.019,0.019
1236,0.001,0.019,0.019,0.019,0.019,0.019
1237,0.001,0.019,0.019,0.019,0.019,0.019
1238,0.001,0.019,0.019,0.019,0.019,0.019
1239,0.001,0.019,0.019,0.019,0.019,0.019
1240,0.001,0.019,0.019,0.019,0.019,0.019
1241,0.001,0.019,0.019,0.019,0.019,0.019
1242,0.001,0.019,0.019,0.019,0.019,0
1243,0.001,0.019,0.019,0.019,0.019,0.019
1244,0.001,0.019,0.019,0.019,0.019,0.019
1245,0.001,0.019,0.019,0.019,0.019,0.019
1246,0.001,0.019,0.019,0.019,0.019,0.019
1247,0.001,0.019,0.019,0.019,0.019,0.019
1248,0.001,0.019,0.019,0.019,0.019,0.019
1249,0.001,0.019,0.019,0.019,0.019,0.019
1250,0.001,0.019,0.019,0.019,0.019,0.019
1251,0.001,0.019,0.019,0.019,0.019,0.019
1252,0.001,0.019,0.019,0.019,0.019,0.019
1253,0.001,0.019,0.019,0.019,0.019,0.019
1254,0.001,0.019,0.019,0.019,0.019,0.019
1255,0.001,0.019,0.019,0.019,0.019,0.019
1256,0.001,0.019,0.019,0.019,0.019,0.019
1257,0.001,0.019,0.019,0.019,0.019,0.019
1258,0.001,0.019,0.019,0.019,0.019,0.019
1259,0.001,0.019,0.019,0.019,0.019,0.019
1260,0.001,0.019,0.019,0.019,0.019,0.019
1261,0.001,0.019,0.019,0.019,0.019,0.019
1262,0.001,0.019,0.019,0.019,0.019,0.019
1263,0.001,0.019,0.019,0.019,0.019,0.019
1264,0.001,0.019,0.019,0.019,0.019,0.019
1265,0.001,0.019,0.019,0.019,0.019,0.019
1266,0.001,0.019,0.019,0.019,0.019,0.019
1267,0.001,0.019,0.019,0.019,0.019,0.019
1268,0.001,0.019,0.019,0.019,0.019,0.019
1269,0.001,0.019,0.019,0.019,0.019,0.019
1270,0.001,0.019,0.019,0.019,0.019,0.019
1271,0.001,0.019,0.019,0.019,0.019,0.019
1272,0.001,0.019,0.019,0.019,0.019,0.019
1273,0.001,0.019,0.019,0.019,0.019,0.019
1274,0.001,0.019,0.019,0.019,0.019,0.019
1275,0.001,0.019,0.019,0.019,0.019,0.019
1276,0.001,0.019,0.019,0.019,0.019,0.019
1277,0.001,0.019,0.019,0.019,0.019,0.019
1278,0.001,0.019,0.019,0.019,0.019,0.019
1279,0.001,0.019,0.019,0.019,0.019,0.019
1280,0.001,0.019,0.019,0.019,0.019,0.019
1281,0.001,0.019,0.019,0.019,0.019,0.019
1282,0.001,0.019,0.019,0.019,0.019,0.019
1283,0.001,0.019,0.019,0.019,0.019,0.019
1284,0.001,0.019,0.019,0.019,0.019,0.019
1285,0.001,0.019,0.019,0.019,0.019,0.019
1286,0.001,0.019,0.019,0.019,0.019,0.019
1287,0.001,0.019,0.019,0.019,0.019,0.019
1288,0.001,0.019,0.019,0.019,0.019,0.019
1289,0.001,0.019,0.019,0.019,0.019,0.019
1290,0,0,0,0,0,0
1291,0.001,0.019,0.019,0.019,0.019,0.019
1292,0.001,0.019,0.019,0.019,0.019,0.019
1293,0.001,0.019,0.019,0.019,0.019,0.019
1294,0.001,0,0.019,0.019,0.019,0
1295,0.001,0.019,0.019,0.019,0.019,0.019
1296,0.001,0.019,0.019,0.019,0.019,0.019
1297,0.001,0.019,0.019,0.019,0.019,0.019
1298,0.001,0.019,0.019,0.019,0.019,0.019
1299,0.001,0.019,0.019,0.019,0.019,0.019
1300,0.001,0.019,0.019,0.019,0.019,0.019
1301,0.001,0.019,0.019,0.019,0.019,0.019
1302,0.001,0.019,0.019,0.019,0.019,0.019
1303,0.001,0.019,0.019,0.019,0.019,0.019
1304,0.001,0.019,0.019,0.019,0.019,0.019
1305,0.001,0.019,0.019,0.019,0.019,0.019
1306,0.001,0.019,0.019,0.019,0.019,0.019
1307,0.001,0.019,0.019,0.019,0.019,0.019
1308,0.001,0.019,0.019,0.019,0.019,0.019
1309,0.001,0.019,0.019,0.019,0.019,0.019
1310,0,0,0,0,0,0
1311,0.001,0.019,0.019,0.019,0.019,0.019
1312,0.001,0.019,0.019,0.019,0.019,0.019
1313,0.001,0.019,0.019,0.019,0.019,0.019
1314,0,0,0,0,0,0
1315,0.001,0.019,0.019,0.019,0.019,0.019
1316,0,0,0,0,0,0
1317,0,0,0,0,0,0
1318,0.001,0.019,0.019,0.019,0.019,0.019
1319,0.001,0.019,0.019,0.019,0.019,0.019
1320,0.001,0.019,0.019,0.019,0.019,0.019
1321,0.001,0.019,0.019,0.019,0.019,0.019
1322,0.001,0.019,0.019,0.019,0.019,0.019
1323,0.001,0.019,0.019,0.019,0.019,0.019
1324,0.001,0.019,0.019,0.019,0.019,0.019
1325,0.001,0.019,0.019,0.019,0.019,0.019
1326,0.001,0.019,0.019,0.019,0.019,0.019
1327,0.001,0.019,0.019,0.019,0.019,0.019
1328,0.001,0.019,0.019,0.019,0.019,0.019
1329,0.001,0.019,0.019,0.019,0.019,0.019
1330,0.001,0.019,0.019,0.019,0.019,0.019
1331,0.001,0.019,0.019,0.019,0.019,0.019
1332,0.001,0.019,0.019,0.019,0.019,0.019
1333,0.001,0.019,0.019,0.019,0.019,0.019
1334,0.001,0.019,0.019,0.019,0.019,0.019
1335,0.001,0.019,0.019,0.019,0.019,0.019
1336,0.001,0.019,0.019,0.019,0.019,0.019
1337,0.001,0.019,0.019,0.019,0.019,0.019
1338,0.001,0.019,0.019,0.019,0.019,0.019
1339,0.001,0.019,0.019,0.019,0.019,0.019
1340,0.001,0.019,0.019,0.019,0.019,0.019
1341,0.001,0.019,0.019,0.019,0.019,0.019
1342,0.001,0.019,0.019,0.019,0.019,0
1343,0.001,0.019,0.019,0.019,0.019,0.019
1344,0,0,0,0,0,0
1345,0,0,0,0,0,0
1346,0,0,0,0,0,0
1347,0.001,0.019,0.019,0.019,0.019,0.019
1348,0.001,0.019,0.019,0.019,0.019,0.019
1349,0.001,0.019,0.019,0.019,0.019,0.019
1350,0.001,0.019,0.019,0.019,0.019,0.019
1351,0.001,0.019,0.019,0.019,0.019,0.019
1352,0.001,0.019,0.019,0.019,0.019,0.019
1353,0.001,0.019,0.019,0.019,0.019,0.019
1354,0.001,0.019,0.019,0.019,0.019,0.019
1355,0.001,0.019,0.019,0.019,0.019,0.019
1356,0.001,0.019,0.019,0.019,0.019,0.019
1357,0.001,0.019,0.019,0.019,0.019,0.019
1358,0.001,0.019,0.019,0.019,0.019,0.019
1359,0.001,0.019,0.019,0.019,0.019,0
1360,0.001,0.019,0.019,0.019,0.019,0.019
1361,0.001,0.019,0.019,0.019,0.019,0.019
1362,0.001,0.019,0.019,0.019,0.019,0.019
1363,0.001,0.019,0.019,0.019,0.019,0.019
1364,0.001,0.019,0.019,0.019,0.019,0.019
1365,0.001,0.019,0.019,0.019,0.019,0.019
1366,0.001,0.019,0.019,0.019,0.019,0.019
1367,0.001,0.019,0.019,0.019,0.019,0.019
1368,0.001,0.019,0.019,0.019,0.019,0.019
1369,0.001,0.019,0.019,0.019,0.019,0.019
1370,0.001,0.019,0.019,0.019,0.019,0.019
1371,0.001,0.019,0.019,0.019,0.019,0.019
1372,0.001,0.019,0.019,0.019,0.019,0.019
1373,0.001,0.019,0.019,0.019,0.019,0.019
1374,0.001,0.019,0.019,0.019,0.019,0.019
1375,0.001,0.019,0.019,0.019,0.019,0.019
1376,0.001,0.019,0.019,0.019,0.019,0.019
1377,0.001,0.019,0.019,0.019,0.019,0.019
1378,0.001,0.019,0.019,0.019,0.019,0.019
1379,0.001,0.019,0.019,0.019,0.019,0.019
1380,0.001,0.019,0.019,0.019,0.019,0.019
1381,0.001,0.019,0.019,0.019,0.019,0.019
1382,0.001,0.019,0.019,0.019,0.019,0.019
1383,0.001,0.019,0.019,0.019,0.019,0.019
1384,0,0,0,0,0,0
1385,0,0,0,0,0,0
1386,0,0,0,0,0,0
1387,0.001,0.019,0.019,0.019,0.019,0.019
1388,0.001,0.019,0.019,0.019,0.019,0.019
1389,0.001,0.019,0.019,0.019,0.019,0.019
1390,0.001,0.019,0.019,0.019,0.019,0.019
1391,0.001,0.019,0.019,0.019,0.019,0.019
1392,0.001,0.019,0.019,0.019,0.019,0.019
1393,0.001,0.019,0.019,0.019,0.019,0.019
1394,0.001,0.019,0.019,0.019,0.019,0.019
1395,0.001,0.019,0.019,0.019,0.019,0.019
1396,0.001,0.019,0.019,0.019,0.019,0.019
1397,0,0,0,0,0,0
1398,0,0,0,0,0,0
1399,0,0,0,0,0,0
1400,0.001,0.019,0.019,0.019,0.019,0.019
1401,0.001,0.019,0.019,0.019,0.019,0.019
1402,0,0,0,0,0,0
1403,0.001,0.019,0.019,0.019,0.019,0.019
1404,0.001,0.019,0.019,0.019,0.019,0.019
1405,0.001,0.019,0.019,0.019,0.019,0.019
1406,0.001,0.019,0.019,0.019,0.019,0.019
1407,0.001,0.019,0.019,0.019,0.019,0.019
1408,0.001,0.019,0.019,0.019,0.019,0.019
1409,0.001,0.019,0.019,0.019,0.019,0.019
1410,0.001,0.019,0.019,0.019,0.019,0.019
1411,0.001,0.019,0.019,0.019,0.019,0.019
1412,0.001,0.019,0.019,0.019,0.019,0.019
1413,0.001,0.019,0.019,0.019,0.019,0.019
1414,0.001,0.019,0.019,0.019,0.019,0.019
1415,0.001,0.019,0.019,0.019,0.019,0.019
1416,0.001,0.019,0.019,0.019,0.019,0.019
1417,0.001,0.019,0.019,0.019,0.019,0.019
1418,0.001,0.019,0.019,0.019,0.019,0.019
1419,0.001,0.019,0.019,0.019,0.019,0.019
1420,0.001,0.019,0.019,0.019,0.019,0.019
1421,0.001,0.019,0.019,0.019,0.019,0.019
1422,0.001,0.019,0.019,0.019,0.019,0.019
1423,0.001,0.019,0.019,0.019,0.019,0.019
1424,0.001,0.019,0.019,0.019,0.019,0.019
1425,0.001,0.019,0.019,0.019,0.019,0.019
1426,0.001,0.019,0.019,0.019,0.019,0.019
1427,0.001,0.019,0.019,0.019,0.019,0.019
1428,0.001,0.019,0.019,0.019,0.019,0.019
1429,0.001,0.019,0.019,0.019,0.019,0.019
1430,0.001,0.019,0.019,0.019,0.019,0.019
1431,0.001,0.019,0.019,0.019,0.019,0.019
1432,0.001,0.019,0.019,0.019,0.019,0.019
1433,0.001,0.019,0.019,0.019,0.019,0.019
1434,0.001,0.019,0.019,0.019,0.019,0.019
1435,0.001,0.019,0.019,0.019,0.019,0.019
1436,0.001,0.019,0.019,0.019,0.019,0.019
1437,0.001,0.019,0.019,0.019,0.019,0.019
1438,0.001,0.019,0.019,0.019,0.019,0.019
1439,0.001,0,0.019,0.019,0.019,0.019
1440,0.001,0.019,0.019,0.019,0.019,0.019
1441,0.001,0.019,0.019,0.019,0.019,0.019
1442,0.001,0.019,0.019,0.019,0.019,0.019
1443,0.001,0.019,0.019,0.019,0.019,0.019
1444,0.001,0.019,0.019,0.019,0.019,0.019
1445,0.001,0.019,0.019,0.019,0.019,0.019
1446,0.001,0.019,0.019,0.019,0.019,0.019
1447,0,0,0,0,0,0
1448,0.001,0.019,0.019,0.019,0.019,0.019
1449,0.001,0.019,0.019,0.019,0.019,0.019
1450,0.001,0.019,0.019,0.019,0.019,0.019
1451,0.001,0.019,0.019,0.019,0.019,0.019
1452,0.001,0.019,0.019,0.019,0.019,0.019
1453,0.001,0.019,0.019,0.019,0.019,0.019
1454,0.001,0.019,0.019,0.019,0.019,0.019
