County,Taz,Local Govt Jobs per TAZ pop,ed_k12 Jobs per TAZ pop,County Govt Jobs per County Pop,State Govt Jobs per Reg Pop,Federal Govt Jobs per Reg Pop,ed_high Jobs per Reg Pop
San Francisco,1,0.0000713,0.0084413,0,0.0000148,0.0000116,0
San Francisco,2,0.0000713,0.0084413,0,0,0.0000082,0
San Francisco,3,0.0000713,0.0084413,0,0,0.0000003,0
San Francisco,4,0.0000713,0.0084413,0.0000038,0,0.0000185,0
San Francisco,5,0.0000713,0.0084413,0,0.0000001,0.0000099,0
San Francisco,6,0.0000713,0.0084413,0,0,0,0
San Francisco,7,0.0000713,0.0084413,0,0,0,0
San Francisco,8,0.0000713,0.0084413,0.0002313,0.0000049,0.0000395,0
San Francisco,9,0.0000713,0.0084413,0.0022929,0.0003414,0.0000932,0.0000049
San Francisco,10,0.0000713,0.0084413,0.002948,0,0.0000853,0
San Francisco,11,0.0000713,0.0084413,0.0000313,0,0.000099,0
San Francisco,12,0.0000713,0.0084413,0,0,0.0000039,0
San Francisco,13,0.0000713,0.0084413,0,0.0000333,0.0000228,0
San Francisco,14,0.0000713,0.0084413,0,0.0003342,0.0000228,0
San Francisco,15,0.0000713,0.0084413,0,0,0.0000097,0
San Francisco,16,0.0000713,0.0084413,0.0001238,0.0000168,0.0001921,0
San Francisco,17,0.0000713,0.0084413,0.0025629,0,0.0000056,0
San Francisco,18,0.0000713,0.0084413,0,0,0,0.0000018
San Francisco,19,0.0000713,0.0084413,0.0010152,0,0,0
San Francisco,20,0.0000713,0.0084413,0,0,0,0.0000042
San Francisco,21,0.0000713,0.0084413,0.000005,0,0.0000052,0.000002
San Francisco,22,0.0000713,0.0084413,0,0,0.0000014,0
San Francisco,23,0.0000713,0.0084413,0.000005,0,0,0
San Francisco,24,0.0000713,0.0084413,0,0.0000018,0.0001364,0.0000017
San Francisco,25,0.0000713,0.0084413,0,0,0,0
San Francisco,26,0.0000713,0.0084413,0,0,0,0
San Francisco,27,0.0000713,0.0084413,0,0,0,0.0000113
San Francisco,28,0.0000713,0.0084413,0,0,0,0
San Francisco,29,0.0000713,0.0084413,0,0,0,0
San Francisco,30,0.0000713,0.0084413,0,0,0,0
San Francisco,31,0.0000713,0.0084413,0,0,0,0
San Francisco,32,0.0000713,0.0084413,0,0,0,0.0000039
San Francisco,33,0.0000713,0.0084413,0,0,0,0.0000055
San Francisco,34,0.0000713,0.0084413,0,0,0,0
San Francisco,35,0.0000713,0.0084413,0,0,0,0
San Francisco,36,0.0000713,0.0084413,0.000125,0,0,0.0000071
San Francisco,37,0.0000713,0.0084413,0,0,0,0.0000017
San Francisco,38,0.0000713,0.0084413,0,0,0,0.0000042
San Francisco,39,0.0000713,0.0084413,0.0000188,0,0,0.0000031
San Francisco,40,0.0000713,0.0084413,0,0,0,0.0000564
San Francisco,41,0.0000713,0.0084413,0.0000625,0,0.0000021,0.0000092
San Francisco,42,0.0000713,0.0084413,0.000025,0.000029,0.0000011,0.0000058
San Francisco,43,0.0000713,0.0084413,0,0,0.0001151,0
San Francisco,44,0.0000713,0.0084413,0,0,0,0.0000181
San Francisco,45,0.0000713,0.0084413,0,0,0,0.0000042
San Francisco,46,0.0000713,0.0084413,0,0,0,0
San Francisco,47,0.0000713,0.0084413,0,0,0,0
San Francisco,48,0.0000713,0.0084413,0,0,0,0
San Francisco,49,0.0000713,0.0084413,0,0,0,0.0000048
San Francisco,50,0.0000713,0.0084413,0,0,0.0000003,0
San Francisco,51,0.0000713,0.0084413,0,0,0,0.0000078
San Francisco,52,0.0000713,0.0084413,0,0,0.000055,0
San Francisco,53,0.0000713,0.0084413,0,0,0,0
San Francisco,54,0.0000713,0.0084413,0,0,0,0
San Francisco,55,0.0000713,0.0084413,0,0,0,0
San Francisco,56,0.0000713,0.0084413,0,0,0.000012,0
San Francisco,57,0.0000713,0.0084413,0,0,0,0
San Francisco,58,0.0000713,0.0084413,0,0,0,0
San Francisco,59,0.0000713,0.0084413,0,0,0,0.0000233
San Francisco,60,0.0000713,0.0084413,0,0,0,0.0000042
San Francisco,61,0.0000713,0.0084413,0,0,0,0
San Francisco,62,0.0000713,0.0084413,0,0,0,0.0000056
San Francisco,63,0.0000713,0.0084413,0,0,0,0.0000048
San Francisco,64,0.0000713,0.0084413,0.0001,0.0000141,0,0.0000042
San Francisco,65,0.0000713,0.0084413,0,0,0,0.0000042
San Francisco,66,0.0000713,0.0084413,0,0,0,0
San Francisco,67,0.0000713,0.0084413,0,0,0,0
San Francisco,68,0.0000713,0.0084413,0,0,0.0000035,0
San Francisco,69,0.0000713,0.0084413,0,0,0,0.0000071
San Francisco,70,0.0000713,0.0084413,0,0,0.0000021,0.0000113
San Francisco,71,0.0000713,0.0084413,0,0,0.0000039,0
San Francisco,72,0.0000713,0.0084413,0,0,0,0.0000031
San Francisco,73,0.0000713,0.0084413,0,0,0,0
San Francisco,74,0.0000713,0.0084413,0.0000088,0,0,0
San Francisco,75,0.0000713,0.0084413,0,0,0,0
San Francisco,76,0.0000713,0.0084413,0,0.0004556,0,0.0000042
San Francisco,77,0.0000713,0.0084413,0,0,0.000003,0.0000056
San Francisco,78,0.0000713,0.0084413,0.0003125,0,0,0
San Francisco,79,0.0000713,0.0084413,0.0004301,0,0,0.00008
San Francisco,80,0.0000713,0.0084413,0,0,0,0
San Francisco,81,0.0000713,0.0084413,0.0000188,0,0,0.0000056
San Francisco,82,0.0000713,0.0084413,0,0,0,0
San Francisco,83,0.0000713,0.0084413,0,0,0,0.0000056
San Francisco,84,0.0000713,0.0084413,0,0,0,0
San Francisco,85,0.0000713,0.0084413,0,0,0,0.0000042
San Francisco,86,0.0000713,0.0084413,0,0,0,0.0000063
San Francisco,87,0.0000713,0.0084413,0,0,0,0.0000035
San Francisco,88,0.0000713,0.0084413,0,0,0,0.0000076
San Francisco,89,0.0000713,0.0084413,0.0001125,0,0,0.0000039
San Francisco,90,0.0000713,0.0084413,0,0,0,0
San Francisco,91,0.0000713,0.0084413,0,0,0,0.0000138
San Francisco,92,0.0000713,0.0084413,0.0003588,0.0000317,0,0.000003
San Francisco,93,0.0000713,0.0084413,0,0,0,0.0000037
San Francisco,94,0.0000713,0.0084413,0,0,0,0.0000034
San Francisco,95,0.0000713,0.0084413,0,0,0,0.0000052
San Francisco,96,0.0000713,0.0084413,0,0,0,0
San Francisco,97,0.0000713,0.0084413,0,0,0,0.0000113
San Francisco,98,0.0000713,0.0084413,0,0,0,0
San Francisco,99,0.0000713,0.0084413,0,0,0,0
San Francisco,100,0.0000713,0.0084413,0,0,0,0.0000279
San Francisco,101,0.0000713,0.0084413,0,0,0,0
San Francisco,102,0.0000713,0.0084413,0.0002813,0,0,0
San Francisco,103,0.0000713,0.0084413,0,0,0,0.0000196
San Francisco,104,0.0000713,0.0084413,0,0,0,0.0000109
San Francisco,105,0.0000713,0.0084413,0,0,0,0
San Francisco,106,0.0000713,0.0084413,0.0038331,0,0,0.0000024
San Francisco,107,0.0000713,0.0084413,0.0001238,0.0000037,0,0
San Francisco,108,0.0000713,0.0084413,0,0,0,0
San Francisco,109,0.0000713,0.0084413,0,0.0000155,0.0000003,0
San Francisco,110,0.0000713,0.0084413,0,0,0,0
San Francisco,111,0.0000713,0.0084413,0,0,0.0000001,0
San Francisco,112,0.0000713,0.0084413,0,0,0,0.0000063
San Francisco,113,0.0000713,0.0084413,0,0,0,0.0000056
San Francisco,114,0.0000713,0.0084413,0,0,0,0.0000171
San Francisco,115,0.0000713,0.0084413,0,0,0.0000003,0
San Francisco,116,0.0000713,0.0084413,0,0,0,0.000009
San Francisco,117,0.0000713,0.0084413,0,0,0,0.0000183
San Francisco,118,0.0000713,0.0084413,0,0,0,0
San Francisco,119,0.0000713,0.0084413,0,0,0,0.0000014
San Francisco,120,0.0000713,0.0084413,0,0,0,0.0000034
San Francisco,121,0.0000713,0.0084413,0,0,0,0
San Francisco,122,0.0000713,0.0084413,0,0,0,0.0000056
San Francisco,123,0.0000713,0.0084413,0,0,0,0
San Francisco,124,0.0000713,0.0084413,0,0,0,0.0000031
San Francisco,125,0.0000713,0.0084413,0,0,0,0.0000068
San Francisco,126,0.0000713,0.0084413,0,0,0,0
San Francisco,127,0.0000713,0.0084413,0.0000038,0,0,0.0000042
San Francisco,128,0.0000713,0.0084413,0,0,0,0.0000134
San Francisco,129,0.0000713,0.0084413,0,0,0,0.0000035
San Francisco,130,0.0000713,0.0084413,0.0000025,0,0,0.0000179
San Francisco,131,0.0000713,0.0084413,0,0,0,0.0000038
San Francisco,132,0.0000713,0.0084413,0,0,0,0
San Francisco,133,0.0000713,0.0084413,0.0000713,0,0,0.0000107
San Francisco,134,0.0000713,0.0084413,0.000125,0,0,0
San Francisco,135,0.0000713,0.0084413,0,0,0,0.0000079
San Francisco,136,0.0000713,0.0084413,0,0,0,0
San Francisco,137,0.0000713,0.0084413,0,0,0,0.0000092
San Francisco,138,0.0000713,0.0084413,0,0.0000013,0,0.0000228
San Francisco,139,0.0000713,0.0084413,0,0,0,0.0000212
San Francisco,140,0.0000713,0.0084413,0,0,0,0.0000042
San Francisco,141,0.0000713,0.0084413,0,0.0000008,0,0
San Francisco,142,0.0000713,0.0084413,0.0009439,0,0,0
San Francisco,143,0.0000713,0.0084413,0.0000563,0,0,0.0000049
San Francisco,144,0.0000713,0.0084413,0,0,0,0.0000094
San Francisco,145,0.0000713,0.0084413,0,0,0,0.0000062
San Francisco,146,0.0000713,0.0084413,0,0,0,0
San Francisco,147,0.0000713,0.0084413,0,0,0,0
San Francisco,148,0.0000713,0.0084413,0,0.000001,0,0.0000071
San Francisco,149,0.0000713,0.0084413,0,0.0000028,0.0000004,0.0000018
San Francisco,150,0.0000713,0.0084413,0.000135,0,0,0
San Francisco,151,0.0000713,0.0084413,0,0,0,0
San Francisco,152,0.0000713,0.0084413,0,0,0,0.000024
San Francisco,153,0.0000713,0.0084413,0,0,0,0
San Francisco,154,0.0000713,0.0084413,0,0,0,0
San Francisco,155,0.0000713,0.0084413,0,0,0,0.0000049
San Francisco,156,0.0000713,0.0084413,0,0,0,0
San Francisco,157,0.0000713,0.0084413,0,0,0,0
San Francisco,158,0.0000713,0.0084413,0.0000063,0,0,0.0000221
San Francisco,159,0.0000713,0.0084413,0,0,0,0.0000056
San Francisco,160,0.0000713,0.0084413,0,0,0,0.0000056
San Francisco,161,0.0000713,0.0084413,0,0,0,0
San Francisco,162,0.0000713,0.0084413,0,0,0,0
San Francisco,163,0.0000713,0.0084413,0,0,0,0.0000056
San Francisco,164,0.0000713,0.0084413,0,0,0,0
San Francisco,165,0.0000713,0.0084413,0.0005001,0,0,0.0000295
San Francisco,166,0.0000713,0.0084413,0,0,0,0
San Francisco,167,0.0000713,0.0084413,0,0,0,0.0000035
San Francisco,168,0.0000713,0.0084413,0,0,0,0.0000035
San Francisco,169,0.0000713,0.0084413,0.0000375,0.0000017,0.0000282,0.0000141
San Francisco,170,0.0000713,0.0084413,0,0,0,0
San Francisco,171,0.0000713,0.0084413,0,0,0,0
San Francisco,172,0.0000713,0.0084413,0,0,0,0.0000124
San Francisco,173,0.0000713,0.0084413,0,0.0000018,0,0
San Francisco,174,0.0000713,0.0084413,0,0,0,0.0000045
San Francisco,175,0.0000713,0.0084413,0,0,0,0
San Francisco,176,0.0000713,0.0084413,0,0,0,0.0000045
San Francisco,177,0.0000713,0.0084413,0,0,0,0
San Francisco,178,0.0000713,0.0084413,0,0,0,0.0000056
San Francisco,179,0.0000713,0.0084413,0,0,0,0.0000113
San Francisco,180,0.0000713,0.0084413,0,0,0,0
San Francisco,181,0.0000713,0.0084413,0,0,0,0
San Francisco,182,0.0000713,0.0084413,0,0,0,0
San Francisco,183,0.0000713,0.0084413,0,0,0,0.0000251
San Francisco,184,0.0000713,0.0084413,0,0,0,0.0000071
San Francisco,185,0.0000713,0.0084413,0.0000938,0,0,0.0000416
San Francisco,186,0.0000713,0.0084413,0,0,0,0
San Francisco,187,0.0000713,0.0084413,0,0,0.0000006,0
San Francisco,188,0.0000713,0.0084413,0,0,0,0.000043
San Francisco,189,0.0000713,0.0084413,0,0,0,0
San Francisco,190,0.0000713,0.0084413,0.0000013,0.0000042,0,0
San Mateo,191,0.0086264,0.0101996,0,0,0,0.0000024
San Mateo,192,0.0086264,0.0101996,0,0,0,0
San Mateo,193,0.0086264,0.0101996,0,0.0000071,0,0.0000124
San Mateo,194,0.0086264,0.0101996,0.000028,0,0,0.0000374
San Mateo,195,0.0086264,0.0101996,0,0,0,0.0000052
San Mateo,196,0.0086264,0.0101996,0,0,0,0.0000063
San Mateo,197,0.0086264,0.0101996,0,0,0.0000001,0
San Mateo,198,0.0086264,0.0101996,0.000056,0,0,0.0000054
San Mateo,199,0.0086264,0.0101996,0,0,0.0000025,0
San Mateo,200,0.0086264,0,0,0,0,0
San Mateo,201,0.0086264,0.0101996,0,0,0,0
San Mateo,202,0.0086264,0.0101996,0,0,0,0.0000196
San Mateo,203,0.0086264,0.0101996,0,0.0000016,0.0000042,0.0000141
San Mateo,204,0.0086264,0.0101996,0,0,0,0
San Mateo,205,0.0086264,0.0101996,0,0,0,0.000012
San Mateo,206,0.0086264,0.0101996,0,0,0,0
San Mateo,207,0.0086264,0.0101996,0.0000392,0,0.0000063,0.0000302
San Mateo,208,0.0086264,0.0051504,0.0001119,0,0,0.0000035
San Mateo,209,0.0086264,0.0125839,0,0,0,0.0000353
San Mateo,210,0.0086264,0.0125839,0,0,0,0
San Mateo,211,0.0086264,0.0125839,0,0,0,0
San Mateo,212,0.0086264,0.0125839,0.0001637,0.0000032,0.0000028,0.0000148
San Mateo,213,0.0086264,0.0125839,0,0,0,0.000012
San Mateo,214,0.0086264,0.0125839,0,0,0,0.0000071
San Mateo,215,0.0086264,0.0125839,0.000035,0.0000004,0,0
San Mateo,216,0.0086264,0.0125839,0,0,0,0.0000261
San Mateo,217,0.0086264,0.0125839,0,0,0,0.0000099
San Mateo,218,0.0086264,0.0101996,0,0,0,0
San Mateo,219,0.0086264,0.0101996,0,0,0,0.0000056
San Mateo,220,0.0086264,0.0098983,0,0,0,0.0000078
San Mateo,221,0.0086264,0.0098983,0,0,0,0
San Mateo,222,0.0086264,0.0098983,0,0,0.0000003,0
San Mateo,223,0.0086264,0.0098983,0,0,0,0.0000111
San Mateo,224,0.0086264,0.0098983,0.0000699,0,0,0.0000085
San Mateo,225,0.0086264,0.0098983,0,0,0,0.0000056
San Mateo,226,0.0086264,0.0098983,0,0,0,0.0000183
San Mateo,227,0.0086264,0.0098983,0.000007,0,0,0.0000006
San Mateo,228,0.0086264,0.0101549,0,0,0,0
San Mateo,229,0.0086264,0.0101549,0,0,0,0.0000056
San Mateo,230,0.0086264,0.0125839,0,0,0,0.0000071
San Mateo,231,0.0086264,0.0125839,0,0,0,0
San Mateo,232,0.0086264,0.0101549,0,0,0,0.0000114
San Mateo,233,0.0086264,0.0101549,0.0000098,0,0,0.0000134
San Mateo,234,0.0086264,0.0101549,0.000014,0.0000065,0.0000099,0.0000085
San Mateo,235,0.0086264,0.0101549,0.0000224,0,0,0.0000056
San Mateo,236,0.0086264,0.0101549,0,0,0,0.0000079
San Mateo,237,0.0086264,0.0101549,0,0,0,0
San Mateo,238,0.0086264,0.0101549,0,0.0000116,0,0.0000063
San Mateo,239,0.0086264,0,0.0004476,0,0.0000185,0
San Mateo,240,0.0086264,0.0275823,0.0004196,0,0,0.0000056
San Mateo,241,0.0086264,0.0275823,0,0,0,0.0000056
San Mateo,242,0.0086264,0.0275823,0,0,0,0.0000071
San Mateo,243,0.0086264,0.0275823,0.000014,0,0,0.0000322
San Mateo,244,0.0086264,0.0275823,0.000049,0,0,0.0000092
San Mateo,245,0.0086264,0.0275823,0,0,0,0.0000233
San Mateo,246,0.0086264,0.0071421,0.0000224,0,0,0.0000049
San Mateo,247,0.0086264,0.0071421,0,0,0,0
San Mateo,248,0.0086264,0.0071421,0,0.0000071,0.0000051,0
San Mateo,249,0.0086264,0.0071421,0,0,0,0.0000204
San Mateo,250,0.0086264,0.0071421,0,0,0,0.0000042
San Mateo,251,0.0086264,0.0071421,0,0,0,0
San Mateo,252,0.0086264,0.0167249,0,0,0,0.0000193
San Mateo,253,0.0086264,0.0065574,0,0,0,0.0000042
San Mateo,254,0.0086264,0.0167249,0.0000224,0,0.0000021,0.0000063
San Mateo,255,0.0086264,0.0065574,0,0,0,0.0000254
San Mateo,256,0.0086264,0.0065574,0,0.0000007,0.0000014,0
San Mateo,257,0.0086264,0.0065574,0,0,0,0
San Mateo,258,0.0086264,0.0065574,0,0,0,0
San Mateo,259,0.0086264,0.0065574,0.0000224,0,0,0.0000123
San Mateo,260,0.0086264,0.0065574,0,0,0,0
San Mateo,261,0.0086264,0.0065574,0.0000266,0,0,0.0000048
San Mateo,262,0.0086264,0.0065574,0,0,0,0.0000056
San Mateo,263,0.0086264,0.0065574,0,0,0,0
San Mateo,264,0.0086264,0.0065574,0,0,0,0
San Mateo,265,0.0086264,0.0065574,0,0,0,0
San Mateo,266,0.0086264,0.0044958,0,0.0000165,0,0.0000073
San Mateo,267,0.0086264,0.0044958,0,0,0,0.0000056
San Mateo,268,0.0086264,0.0044958,0,0,0,0.0000063
San Mateo,269,0.0086264,0.0044958,0,0,0,0
San Mateo,270,0.0086264,0.0044958,0,0,0,0
San Mateo,271,0.0086264,0.0044958,0,0,0,0
San Mateo,272,0.0086264,0.0044958,0,0,0,0
San Mateo,273,0.0086264,0.0044958,0,0,0,0
San Mateo,274,0.0086264,0.0065574,0.0000308,0.0000423,0,0
San Mateo,275,0.0086264,0.0224448,0,0,0,0
San Mateo,276,0.0086264,0.0065574,0,0,0,0
San Mateo,277,0.0086264,0.0065574,0,0,0,0
San Mateo,278,0.0086264,0.0065574,0,0.0000007,0,0.0000071
San Mateo,279,0.0086264,0.0065574,0,0,0,0
San Mateo,280,0.0086264,0.0065574,0.0000168,0.0000006,0,0
San Mateo,281,0.0086264,0.0065574,0.0004406,0,0,0
San Mateo,282,0.0086264,0.0065574,0.0002448,0,0,0.0000021
San Mateo,283,0.0086264,0.0065574,0,0,0,0.0000176
San Mateo,284,0.0086264,0.0065574,0.0001986,0.0000001,0,0
San Mateo,285,0.0086264,0.0065574,0.0000014,0,0,0.0000071
San Mateo,286,0.0086264,0.0224448,0,0,0.0000014,0.0000049
San Mateo,287,0.0086264,0.0224448,0,0,0,0
San Mateo,288,0.0086264,0.0224448,0,0,0,0.0000747
San Mateo,289,0.0086264,0.0224448,0,0,0,0.0000028
San Mateo,290,0.0086264,0.0065574,0,0,0,0
San Mateo,291,0.0086264,0.0065574,0.0000713,0,0,0
San Mateo,292,0.0086264,0.0065574,0.0001077,0.0000071,0,0.0000071
San Mateo,293,0.0086264,0.0131258,0.00027,0,0,0.0000076
San Mateo,294,0.0086264,0.0131258,0,0,0,0.0000144
San Mateo,295,0.0086264,0.0220446,0,0.0000028,0,0.0000141
San Mateo,296,0.0086264,0.0220446,0.0000699,0.000001,0.0000003,0.0000259
San Mateo,297,0.0086264,0.0313048,0.0001049,0.0000063,0,0.0000176
San Mateo,298,0.0086264,0.005264,0.0000112,0,0,0.0000048
San Mateo,299,0.0086264,0.0120773,0.0001119,0.0000014,0,0.0000099
San Mateo,300,0.0086264,0.0120773,0,0,0,0
San Mateo,301,0.0086264,0.0117805,0,0,0,0.0000178
San Mateo,302,0.0086264,0.0117805,0,0,0,0
San Mateo,303,0.0086264,0.0117805,0,0,0,0
San Mateo,304,0.0086264,0.0155667,0,0,0,0.0000096
San Mateo,305,0.0086264,0.0155667,0,0,0,0.0000028
San Mateo,306,0.0086264,0.0155667,0,0,0,0
San Mateo,307,0.0086264,0.0155667,0,0,0,0.0000078
San Mateo,308,0.0086264,0.0155667,0,0,0,0.0000075
San Mateo,309,0.0086264,0.0155667,0.0002098,0,0,0.0000377
San Mateo,310,0.0086264,0.0155667,0.0004826,0.0000041,0,0
San Mateo,311,0.0086264,0.0117805,0.0002882,0,0,0.0000007
San Mateo,312,0.0086264,0.0117805,0,0,0,0.0000042
San Mateo,313,0.0086264,0.0117805,0.0000336,0,0.0000016,0
San Mateo,314,0.0086264,0.0117805,0.0001399,0,0,0.0000085
San Mateo,315,0.0086264,0.0117805,0.0036607,0.0000762,0,0.0000071
San Mateo,316,0.0086264,0.0117805,0.0000042,0,0,0.0000072
San Mateo,317,0.0086264,0.0117805,0.0000224,0,0.0000004,0.0000367
San Mateo,318,0.0086264,0.0155667,0.0000014,0,0,0.0000006
San Mateo,319,0.0086264,0.0117805,0.0000028,0,0,0.0000071
San Mateo,320,0.0086264,0.0117805,0,0,0,0
San Mateo,321,0.0086264,0.0117805,0,0,0,0.0000144
San Mateo,322,0.0086264,0.0117805,0,0,0,0.0000302
San Mateo,323,0.0086264,0.0117805,0,0,0,0
San Mateo,324,0.0086264,0.0117805,0,0,0,0
San Mateo,325,0.0086264,0.0117805,0,0,0,0.0000158
San Mateo,326,0.0086264,0.0117805,0.000042,0,0,0
San Mateo,327,0.0086264,0.0117805,0,0,0,0
San Mateo,328,0.0086264,0.0117805,0,0,0,0
San Mateo,329,0.0086264,0.0117805,0.0001539,0,0,0.0000085
San Mateo,330,0.0086264,0.0117805,0,0,0,0.0000071
San Mateo,331,0.0086264,0.0096858,0,0,0.0000071,0.0000003
San Mateo,332,0.0086264,0.011366,0.0000378,0,0,0.0000254
San Mateo,333,0.0086264,0.011366,0,0,0,0.0000142
San Mateo,334,0.0086264,0.011366,0.0000224,0,0,0.0000071
San Mateo,335,0.0086264,0.011366,0,0,0,0
San Mateo,336,0.0086264,0.0096858,0,0,0,0.0000082
San Mateo,337,0.0086264,0.0096858,0.0000224,0,0.0004231,0
San Mateo,338,0.0086264,0.0096858,0,0,0,0.0000045
San Mateo,339,0.0086264,0.0560232,0.0000154,0,0,0.0000381
San Mateo,340,0.0086264,0.0096858,0,0,0.0000794,0
San Mateo,341,0.0086264,0.0096858,0,0.0000014,0,0
San Mateo,342,0.0086264,0.0560232,0,0,0,0.0000164
San Mateo,343,0.0086264,0.0096858,0,0,0,0
San Mateo,344,0.0086264,0.0096858,0,0,0,0.0000106
San Mateo,345,0.0086264,0.0096858,0,0,0,0
San Mateo,346,0.0086264,0.0096858,0.0000224,0,0.0000007,0.0000251
Santa Clara,347,0.0085194,0.0047085,0.0000056,0,0,0.0000016
Santa Clara,348,0.0085194,0.0135675,0,0,0,0
Santa Clara,349,0.0085194,0.0135675,0,0,0,0
Santa Clara,350,0.0085194,0.0135675,0,0,0,0.0000042
Santa Clara,351,0.0085194,0.0135675,0.0000113,0,0,0.0000413
Santa Clara,352,0.0085194,0.0135675,0,0,0,0.0000071
Santa Clara,353,0.0085194,0.0135675,0,0,0,0
Santa Clara,354,0.0085194,0.0135675,0,0,0,0
Santa Clara,355,0.0085194,0.0135675,0,0,0,0
Santa Clara,356,0.0085194,0.0135675,0,0,0.0000041,0.0000082
Santa Clara,357,0.0085194,0.0135675,0,0,0,0.0000085
Santa Clara,358,0.0085194,0.0135675,0,0,0,0.0000162
Santa Clara,359,0.0085194,0.0135675,0,0,0,0
Santa Clara,360,0.0085194,0.0135675,0,0,0,0.0000051
Santa Clara,361,0.0085194,0.0135675,0,0,0,0.0000056
Santa Clara,362,0.0085194,0.0135675,0,0,0,0.0000049
Santa Clara,363,0.0085194,0.0135675,0,0,0,0.0000295
Santa Clara,364,0.0085194,0.0135675,0,0.0000007,0,0.0000007
Santa Clara,365,0.0085194,0.0043933,0,0,0.0000051,0
Santa Clara,366,0.0085194,0.0135675,0,0,0,0
Santa Clara,367,0.0085194,0.0135675,0,0,0,0.0000142
Santa Clara,368,0.0085194,0.0047085,0,0,0,0.0000062
Santa Clara,369,0.0085194,0.0191847,0,0,0,0.0000141
Santa Clara,370,0.0085194,0.0191847,0,0,0,0.0000071
Santa Clara,371,0.0085194,0.0191847,0,0.0000006,0,0
Santa Clara,372,0.0085194,0.0043933,0,0,0,0
Santa Clara,373,0.0085194,0.0043933,0,0,0,0.0000071
Santa Clara,374,0.0085194,0.0043933,0,0,0,0
Santa Clara,375,0.0085194,0.0043933,0,0,0,0
Santa Clara,376,0.0085194,0.0043933,0,0,0,0.0000104
Santa Clara,377,0.0085194,0.0043933,0.0000451,0,0.0000017,0.0000031
Santa Clara,378,0.0085194,0.0043933,0,0,0.0000003,0
Santa Clara,379,0.0085194,0.0043933,0.0000034,0,0,0.0000099
Santa Clara,380,0.0085194,0.0043933,0,0,0,0
Santa Clara,381,0.0085194,0.0043933,0,0,0,0
Santa Clara,382,0.0085194,0.0043933,0,0,0,0.0000072
Santa Clara,383,0.0085194,0.0043933,0,0,0,0.0000049
Santa Clara,384,0.0085194,0.0191847,0,0,0,0.0000021
Santa Clara,385,0.0085194,0.0191847,0,0,0,0
Santa Clara,386,0.0085194,0.0191847,0,0,0,0.0000051
Santa Clara,387,0.0085194,0.0191847,0,0,0,0
Santa Clara,388,0.0085194,0.0191847,0,0,0,0.0000563
Santa Clara,389,0.0085194,0.0043933,0,0,0,0
Santa Clara,390,0.0085194,0.0043933,0,0,0,0.0000042
Santa Clara,391,0.0085194,0.0043933,0,0,0,0
Santa Clara,392,0.0085194,0.0102757,0,0,0,0
Santa Clara,393,0.0085194,0.0102757,0,0,0,0.0000106
Santa Clara,394,0.0085194,0.0102757,0.0000011,0,0,0.0000071
Santa Clara,395,0.0085194,0.0102757,0,0,0,0
Santa Clara,396,0.0085194,0.0102757,0,0,0,0
Santa Clara,397,0.0085194,0.0043933,0,0,0,0
Santa Clara,398,0.0085194,0.0043933,0,0,0,0
Santa Clara,399,0.0085194,0.0043933,0.0000068,0,0,0
Santa Clara,400,0.0085194,0.0043933,0,0,0,0
Santa Clara,401,0.0085194,0.0043933,0.0000017,0,0.0000186,0
Santa Clara,402,0.0085194,0.0043933,0,0,0.0001963,0
Santa Clara,403,0.0085194,0.0102757,0,0,0.0000465,0
Santa Clara,404,0.0085194,0.0119052,0,0,0,0.0000071
Santa Clara,405,0.0085194,0.0262611,0,0,0,0
Santa Clara,406,0.0085194,0.0262611,0,0,0,0
Santa Clara,407,0.0085194,0.0119052,0,0.0000382,0,0
Santa Clara,408,0.0085194,0.0119052,0.0001935,0,0,0
Santa Clara,409,0.0085194,0.0119052,0.0001411,0,0,0
Santa Clara,410,0.0085194,0.0119052,0,0.000141,0,0
Santa Clara,411,0.0085194,0.0119052,0,0,0,0
Santa Clara,412,0.0085194,0.0119052,0.0006641,0.0000078,0,0
Santa Clara,413,0.0085194,0.0172741,0.0000056,0,0,0
Santa Clara,414,0.0085194,0.0172741,0,0,0,0.0000099
Santa Clara,415,0.0085194,0.0172741,0,0,0.0000006,0
Santa Clara,416,0.0085194,0.0172741,0,0,0.0000006,0.0000049
Santa Clara,417,0.0085194,0.0172741,0,0,0,0
Santa Clara,418,0.0085194,0.0102757,0,0,0,0
Santa Clara,419,0.0085194,0.0102757,0,0,0,0.0000049
Santa Clara,420,0.0085194,0.0102757,0,0,0.0000111,0.0000106
Santa Clara,421,0.0085194,0.0102757,0,0,0,0
Santa Clara,422,0.0085194,0.0102757,0,0,0.0000014,0
Santa Clara,423,0.0085194,0.0102757,0,0,0,0.0000078
Santa Clara,424,0.0085194,0.0102757,0,0,0,0.0000113
Santa Clara,425,0.0085194,0.0102757,0,0,0,0.0000099
Santa Clara,426,0.0085194,0.0102757,0,0,0,0
Santa Clara,427,0.0085194,0.0102757,0,0,0,0
Santa Clara,428,0.0085194,0.0102757,0,0,0,0
Santa Clara,429,0.0085194,0.0172741,0,0,0,0
Santa Clara,430,0.0085194,0.0172741,0,0,0,0
Santa Clara,431,0.0085194,0.0172741,0,0,0,0
Santa Clara,432,0.0085194,0.0172741,0,0,0,0
Santa Clara,433,0.0085194,0.0172741,0,0,0,0.0000106
Santa Clara,434,0.0085194,0.0172741,0,0,0,0
Santa Clara,435,0.0085194,0.0119052,0.0000299,0.000003,0.0000006,0.0000121
Santa Clara,436,0.0085194,0.0172741,0,0,0,0.0001262
Santa Clara,437,0.0085194,0.0172741,0,0,0,0
Santa Clara,438,0.0085194,0.0172741,0,0,0,0.0000254
Santa Clara,439,0.0085194,0.0172741,0,0,0,0.0000049
Santa Clara,440,0.0085194,0.0172741,0,0,0,0.0000141
Santa Clara,441,0.0085194,0.0172741,0,0,0,0.0000071
Santa Clara,442,0.0085194,0.0172741,0,0,0,0
Santa Clara,443,0.0085194,0.0172741,0,0,0,0
Santa Clara,444,0.0085194,0.0172741,0,0,0,0.0000372
Santa Clara,445,0.0085194,0.0102757,0,0,0,0
Santa Clara,446,0.0085194,0.0102757,0,0,0,0
Santa Clara,447,0.0085194,0.0102757,0,0,0,0.0000071
Santa Clara,448,0.0085194,0.0102757,0.0000113,0,0,0.0000056
Santa Clara,449,0.0085194,0.0102757,0,0,0,0
Santa Clara,450,0.0085194,0.0102757,0.0000011,0,0,0.0000106
Santa Clara,451,0.0085194,0.0102757,0,0,0,0.0000106
Santa Clara,452,0.0085194,0.0102757,0,0,0,0.0000282
Santa Clara,453,0.0085194,0.0102757,0,0,0,0.0000224
Santa Clara,454,0.0085194,0.0102757,0,0,0,0.0000171
Santa Clara,455,0.0085194,0.0102757,0,0,0,0
Santa Clara,456,0.0085194,0.0102757,0,0,0,0.0000085
Santa Clara,457,0.0085194,0.0102757,0,0,0,0.0000134
Santa Clara,458,0.0085194,0.0102757,0,0,0,0
Santa Clara,459,0.0085194,0.0102757,0,0,0,0.0000233
Santa Clara,460,0.0085194,0.0172741,0,0,0,0
Santa Clara,461,0.0085194,0.0172741,0,0,0,0.0000076
Santa Clara,462,0.0085194,0.0172741,0,0,0,0.0000056
Santa Clara,463,0.0085194,0.0172741,0,0,0,0
Santa Clara,464,0.0085194,0.0172741,0,0,0,0
Santa Clara,465,0.0085194,0.0172741,0.0000023,0,0.0000017,0.0000106
Santa Clara,466,0.0085194,0.0119052,0,0,0,0.0000056
Santa Clara,467,0.0085194,0.0119052,0,0,0,0
Santa Clara,468,0.0085194,0.0119052,0,0,0,0.0000085
Santa Clara,469,0.0085194,0.0119052,0,0.0000032,0,0.0000085
Santa Clara,470,0.0085194,0.0119052,0,0,0.0000007,0.0000085
Santa Clara,471,0.0085194,0.0119052,0,0,0,0
Santa Clara,472,0.0085194,0.0119052,0,0,0,0.0000056
Santa Clara,473,0.0085194,0.0119052,0,0,0,0.0000128
Santa Clara,474,0.0085194,0.0119052,0,0,0,0.0000066
Santa Clara,475,0.0085194,0.0119052,0,0,0,0.0000114
Santa Clara,476,0.0085194,0.0119052,0.0000226,0,0,0.0000228
Santa Clara,477,0.0085194,0.0119052,0,0,0,0.0000051
Santa Clara,478,0.0085194,0.0119052,0,0,0,0
Santa Clara,479,0.0085194,0.0119052,0,0,0,0.000036
Santa Clara,480,0.0085194,0.0119052,0,0,0,0.000019
Santa Clara,481,0.0085194,0.0119052,0,0,0,0.0000169
Santa Clara,482,0.0085194,0.0119052,0,0,0,0.0000078
Santa Clara,483,0.0085194,0.0119052,0,0,0,0.0000085
Santa Clara,484,0.0085194,0.0187775,0,0,0,0.0000106
Santa Clara,485,0.0085194,0.0187775,0,0,0,0.0000534
Santa Clara,486,0.0085194,0.0187775,0,0,0,0.0000085
Santa Clara,487,0.0085194,0.0187775,0,0,0,0
Santa Clara,488,0.0085194,0.0187775,0,0,0,0.0000068
Santa Clara,489,0.0085194,0.0187775,0,0,0,0.0000522
Santa Clara,490,0.0085194,0.0187775,0,0,0,0.0000056
Santa Clara,491,0.0085194,0.0187775,0,0,0,0
Santa Clara,492,0.0085194,0.0187775,0.0000508,0,0,0
Santa Clara,493,0.0085194,0.0190044,0,0,0,0.0000255
Santa Clara,494,0.0085194,0.0190044,0,0,0,0.0000226
Santa Clara,495,0.0085194,0.0190044,0,0,0,0.0000085
Santa Clara,496,0.0085194,0.0190044,0,0,0,0.000008
Santa Clara,497,0.0085194,0.0190044,0,0.0000014,0,0.0000158
Santa Clara,498,0.0085194,0.0190044,0,0,0,0
Santa Clara,499,0.0085194,0.0119052,0,0,0,0.0000056
Santa Clara,500,0.0085194,0.0071475,0,0,0,0
Santa Clara,501,0.0085194,0.0119052,0,0,0,0
Santa Clara,502,0.0085194,0.0071475,0,0,0.0000042,0
Santa Clara,503,0.0085194,0.0071475,0,0,0,0.0000141
Santa Clara,504,0.0085194,0.0071475,0,0,0,0.0000023
Santa Clara,505,0.0085194,0.0071475,0,0,0,0.0000056
Santa Clara,506,0.0085194,0.0071475,0,0.0000024,0,0.0000056
Santa Clara,507,0.0085194,0.0174709,0.0000395,0,0,0.0000078
Santa Clara,508,0.0085194,0.0174709,0.0001552,0,0,0.0000021
Santa Clara,509,0.0085194,0.0174709,0.000079,0,0,0.0000085
Santa Clara,510,0.0085194,0,0,0,0,0
Santa Clara,511,0.0085194,0.0174709,0,0,0,0.0000544
Santa Clara,512,0.0085194,0.0098798,0,0.0000028,0,0.0000071
Santa Clara,513,0.0085194,0.0174709,0,0,0,0
Santa Clara,514,0.0085194,0.0174709,0,0,0,0.0000063
Santa Clara,515,0.0085194,0.0119052,0.0001411,0,0,0.0000254
Santa Clara,516,0.0085194,0.0174709,0,0,0,0.0000092
Santa Clara,517,0.0085194,0.0119052,0,0,0,0.0000113
Santa Clara,518,0.0085194,0.0174709,0,0,0,0
Santa Clara,519,0.0085194,0.0119052,0.0000987,0,0,0.0000495
Santa Clara,520,0.0085194,0.0119052,0,0,0,0.0000092
Santa Clara,521,0.0085194,0.0119052,0,0,0,0.0000113
Santa Clara,522,0.0085194,0.0119052,0,0,0,0.0000127
Santa Clara,523,0.0085194,0.0119052,0,0,0,0
Santa Clara,524,0.0085194,0.0119052,0,0,0,0
Santa Clara,525,0.0085194,0.0119052,0,0,0,0
Santa Clara,526,0.0085194,0.0119052,0,0,0,0.0000324
Santa Clara,527,0.0085194,0.0119052,0,0,0,0.0000197
Santa Clara,528,0.0085194,0.0119052,0,0,0,0
Santa Clara,529,0.0085194,0.0119052,0,0,0,0
Santa Clara,530,0.0085194,0.0119052,0.0000209,0,0.000011,0
Santa Clara,531,0.0085194,0.0119052,0,0,0,0
Santa Clara,532,0.0085194,0.0119052,0,0,0,0
Santa Clara,533,0.0085194,0.0119052,0.0000175,0,0,0.0000197
Santa Clara,534,0.0085194,0.0119052,0.0002511,0,0,0.0000127
Santa Clara,535,0.0085194,0.0119052,0,0,0,0
Santa Clara,536,0.0085194,0.0119052,0,0,0,0
Santa Clara,537,0.0085194,0.0119052,0,0,0,0.0000008
Santa Clara,538,0.0085194,0.0119052,0,0,0.0000815,0
Santa Clara,539,0.0085194,0.0119052,0,0.0000078,0,0
Santa Clara,540,0.0085194,0.0119052,0.0000886,0,0,0.0000261
Santa Clara,541,0.0085194,0.0119052,0,0,0,0.0000313
Santa Clara,542,0.0085194,0.0119052,0,0,0,0
Santa Clara,543,0.0085194,0.0172741,0,0,0.0000011,0
Santa Clara,544,0.0085194,0.0172741,0,0,0,0.0000141
Santa Clara,545,0.0085194,0.0172741,0,0,0,0
Santa Clara,546,0.0085194,0.0119052,0.0013485,0.0000031,0.0000007,0.0000223
Santa Clara,547,0.0085194,0.0119052,0,0.0000017,0.0000021,0
Santa Clara,548,0.0085194,0.0119052,0,0.0000021,0,0.0000172
Santa Clara,549,0.0085194,0.0119052,0,0.0000013,0.000001,0.0000042
Santa Clara,550,0.0085194,0.0119052,0.0000152,0,0,0
Santa Clara,551,0.0085194,0.0119052,0.0000237,0,0,0
Santa Clara,552,0.0085194,0.0119052,0,0,0,0
Santa Clara,553,0.0085194,0.0119052,0,0,0,0.000013
Santa Clara,554,0.0085194,0.0119052,0,0,0,0
Santa Clara,555,0.0085194,0.0119052,0,0,0,0
Santa Clara,556,0.0085194,0.0119052,0,0.0000039,0,0
Santa Clara,557,0.0085194,0.0119052,0,0.0000371,0.0000158,0
Santa Clara,558,0.0085194,0.0119052,0.0000147,0.0000251,0.0000165,0
Santa Clara,559,0.0085194,0.0119052,0,0,0,0.0000127
Santa Clara,560,0.0085194,0.0119052,0,0,0,0.0000085
Santa Clara,561,0.0085194,0.0119052,0,0,0,0
Santa Clara,562,0.0085194,0.0119052,0,0,0,0
Santa Clara,563,0.0085194,0.0119052,0.0000118,0,0.0000141,0.0000183
Santa Clara,564,0.0085194,0.0119052,0,0,0,0.0000082
Santa Clara,565,0.0085194,0.0119052,0,0,0,0
Santa Clara,566,0.0085194,0.0119052,0,0,0,0
Santa Clara,567,0.0085194,0.0119052,0,0.0000048,0,0.0000104
Santa Clara,568,0.0085194,0.0119052,0,0,0,0.0000078
Santa Clara,569,0.0085194,0.0119052,0,0,0,0.0000085
Santa Clara,570,0.0085194,0.0119052,0,0,0,0.0000106
Santa Clara,571,0.0085194,0.0119052,0,0,0,0.0000075
Santa Clara,572,0.0085194,0.0119052,0.0000079,0,0,0.0000247
Santa Clara,573,0.0085194,0.0119052,0,0,0,0
Santa Clara,574,0.0085194,0.0119052,0,0,0,0
Santa Clara,575,0.0085194,0.0119052,0,0,0,0.0000171
Santa Clara,576,0.0085194,0.0119052,0,0,0,0
Santa Clara,577,0.0085194,0.0119052,0,0,0,0
Santa Clara,578,0.0085194,0.0119052,0,0,0,0
Santa Clara,579,0.0085194,0.0119052,0,0,0.0000004,0
Santa Clara,580,0.0085194,0.0119052,0.0000011,0,0,0
Santa Clara,581,0.0085194,0.0119052,0,0,0,0
Santa Clara,582,0.0085194,0.0119052,0,0,0,0.0000113
Santa Clara,583,0.0085194,0.0119052,0,0,0,0.0000099
Santa Clara,584,0.0085194,0.0119052,0.0000051,0,0.0000016,0.0000137
Santa Clara,585,0.0085194,0.0119052,0,0,0,0.0000056
Santa Clara,586,0.0085194,0.0119052,0,0,0,0.0000228
Santa Clara,587,0.0085194,0.0119052,0,0,0,0.0000092
Santa Clara,588,0.0085194,0.0119052,0,0,0,0.0000045
Santa Clara,589,0.0085194,0.0119052,0,0,0,0.0000149
Santa Clara,590,0.0085194,0.0119052,0,0.0000212,0,0.0000045
Santa Clara,591,0.0085194,0.0119052,0.0000085,0,0,0.0000111
Santa Clara,592,0.0085194,0.0119052,0,0.0000113,0,0
Santa Clara,593,0.0085194,0.0119052,0.0000846,0,0,0.0000097
Santa Clara,594,0.0085194,0.0119052,0,0,0,0
Santa Clara,595,0.0085194,0.0119052,0.0000158,0,0.0000013,0
Santa Clara,596,0.0085194,0.0119052,0.0000197,0,0,0.0000183
Santa Clara,597,0.0085194,0.0119052,0,0,0.0000014,0
Santa Clara,598,0.0085194,0.0119052,0,0,0,0
Santa Clara,599,0.0085194,0.0119052,0,0,0,0
Santa Clara,600,0.0085194,0.0119052,0,0,0,0.0000113
Santa Clara,601,0.0085194,0.0119052,0,0,0,0
Santa Clara,602,0.0085194,0.0119052,0,0,0,0
Santa Clara,603,0.0085194,0.0119052,0.0004384,0,0,0
Santa Clara,604,0.0085194,0.0119052,0.0003972,0,0,0.0000722
Santa Clara,605,0.0085194,0.0119052,0,0,0,0.0000085
Santa Clara,606,0.0085194,0.0262611,0,0,0,0.0000051
Santa Clara,607,0.0085194,0.0262611,0.0000039,0,0,0
Santa Clara,608,0.0085194,0.0262611,0,0,0,0
Santa Clara,609,0.0085194,0.0262611,0,0,0,0
Santa Clara,610,0.0085194,0.0262611,0,0,0,0
Santa Clara,611,0.0085194,0.0262611,0,0,0,0.0000169
Santa Clara,612,0.0085194,0.0262611,0,0,0,0
Santa Clara,613,0.0085194,0.0262611,0,0,0,0.0000214
Santa Clara,614,0.0085194,0.0262611,0,0,0,0.0000338
Santa Clara,615,0.0085194,0.0262611,0,0,0,0.0000003
Santa Clara,616,0.0085194,0.0262611,0,0,0,0.0001476
Santa Clara,617,0.0085194,0.0262611,0,0,0,0.0000056
Santa Clara,618,0.0085194,0.0262611,0,0,0,0
Santa Clara,619,0.0085194,0.0262611,0,0,0,0
Santa Clara,620,0.0085194,0.0262611,0,0,0,0.0000078
Santa Clara,621,0.0085194,0.0119052,0,0,0,0.0000171
Santa Clara,622,0.0085194,0.0119052,0,0,0,0.0000162
Santa Clara,623,0.0085194,0.0119052,0,0,0,0.0000063
Santa Clara,624,0.0085194,0.0119052,0,0,0,0
Santa Clara,625,0.0085194,0.0119052,0,0,0,0.0000049
Santa Clara,626,0.0085194,0.0119052,0,0.0000014,0,0.0000345
Santa Clara,627,0.0085194,0.0119052,0,0,0,0.0000056
Santa Clara,628,0.0085194,0.0119052,0,0,0,0.0000113
Santa Clara,629,0.0085194,0.0119052,0,0,0,0.0000045
Santa Clara,630,0.0085194,0.0119052,0,0,0,0.0000087
Santa Clara,631,0.0085194,0.0119052,0,0,0,0.0000329
Santa Clara,632,0.0085194,0.0119052,0,0,0,0.000009
Santa Clara,633,0.0085194,0.0119052,0,0,0,0.000067
Santa Clara,634,0.0085194,0.0119052,0,0,0,0.0000045
Santa Clara,635,0.0085194,0.0119052,0,0.0000226,0,0
Santa Clara,636,0.0085194,0.0119052,0,0,0,0.0000045
Santa Clara,637,0.0085194,0.0119052,0,0,0,0
Santa Clara,638,0.0085194,0.0119052,0,0,0,0.0000078
Santa Clara,639,0.0085194,0.0119052,0,0,0,0.0000071
Santa Clara,640,0.0085194,0.0119052,0,0,0,0.0000052
Santa Clara,641,0.0085194,0.0119052,0,0,0,0.0000331
Santa Clara,642,0.0085194,0.0119052,0,0,0,0
Santa Clara,643,0.0085194,0.0119052,0,0,0,0.0000056
Santa Clara,644,0.0085194,0.0119052,0,0,0,0
Santa Clara,645,0.0085194,0.0119052,0,0,0,0.0000078
Santa Clara,646,0.0085194,0.0119052,0,0,0,0.0000085
Santa Clara,647,0.0085194,0.0119052,0,0,0,0
Santa Clara,648,0.0085194,0.0119052,0,0,0,0
Santa Clara,649,0.0085194,0.0119052,0,0,0,0.0000285
Santa Clara,650,0.0085194,0.0119052,0,0,0,0.0000093
Santa Clara,651,0.0085194,0.0119052,0,0,0,0.0000326
Santa Clara,652,0.0085194,0.0119052,0,0,0,0
Santa Clara,653,0.0085194,0.0119052,0,0,0,0.0000226
Santa Clara,654,0.0085194,0.0119052,0,0,0,0
Santa Clara,655,0.0085194,0.0119052,0,0,0,0.0000162
Santa Clara,656,0.0085194,0.0119052,0,0,0,0.0000056
Santa Clara,657,0.0085194,0.0119052,0,0,0,0
Santa Clara,658,0.0085194,0.0119052,0,0,0,0
Santa Clara,659,0.0085194,0.0119052,0,0,0,0.0000147
Santa Clara,660,0.0085194,0.0119052,0.000132,0.0000031,0,0.0000254
Santa Clara,661,0.0085194,0.0119052,0,0,0,0.0000071
Santa Clara,662,0.0085194,0.0119052,0,0,0,0.000011
Santa Clara,663,0.0085194,0.0119052,0,0,0,0.0000056
Santa Clara,664,0.0085194,0.0119052,0,0,0,0.0000047
Santa Clara,665,0.0085194,0.0119052,0,0,0,0.0000193
Santa Clara,666,0.0085194,0.0119052,0,0,0,0
Santa Clara,667,0.0085194,0.0119052,0,0,0,0.0000183
Santa Clara,668,0.0085194,0.0119052,0,0,0,0.0000056
Santa Clara,669,0.0085194,0.0119052,0,0,0,0.0000182
Santa Clara,670,0.0085194,0.0119052,0,0,0,0.0000087
Santa Clara,671,0.0085194,0.0119052,0,0,0,0
Santa Clara,672,0.0085194,0.0119052,0,0,0,0.0000059
Santa Clara,673,0.0085194,0.0119052,0,0,0,0.0000049
Santa Clara,674,0.0085194,0.0119052,0,0,0,0.0000127
Santa Clara,675,0.0085194,0.0119052,0,0,0,0.0000063
Santa Clara,676,0.0085194,0.0119052,0,0,0,0
Santa Clara,677,0.0085194,0.0119052,0,0,0,0
Santa Clara,678,0.0085194,0.0119052,0,0,0,0.000024
Santa Clara,679,0.0085194,0.0119052,0,0,0,0.0000054
Santa Clara,680,0.0085194,0.0119052,0,0,0,0.0000083
Santa Clara,681,0.0085194,0.0119052,0,0,0,0.0000099
Santa Clara,682,0.0085194,0.0119052,0,0,0,0.0000071
Santa Clara,683,0.0085194,0.0119052,0,0,0,0.0000058
Santa Clara,684,0.0085194,0.0119052,0,0,0,0.0000071
Santa Clara,685,0.0085194,0.0119052,0,0,0,0.0000234
Santa Clara,686,0.0085194,0.0119052,0,0,0,0.0000148
Santa Clara,687,0.0085194,0.0119052,0,0,0,0.0000049
Santa Clara,688,0.0085194,0.0119052,0,0,0,0.0000212
Santa Clara,689,0.0085194,0.0119052,0,0,0,0.0000071
Santa Clara,690,0.0085194,0.0119052,0,0,0,0.0000085
Santa Clara,691,0.0085194,0.0119052,0,0,0,0.0000071
Santa Clara,692,0.0085194,0.0119052,0,0,0,0
Santa Clara,693,0.0085194,0.0119052,0,0,0,0.0000173
Santa Clara,694,0.0085194,0.0119052,0,0,0,0.0000107
Santa Clara,695,0.0085194,0.0119052,0,0,0,0.0000071
Santa Clara,696,0.0085194,0.0119052,0.0000073,0,0,0
Santa Clara,697,0.0085194,0.0119052,0.0000395,0,0,0.0000068
Santa Clara,698,0.0085194,0.0161156,0,0.0000007,0,0.0000268
Santa Clara,699,0.0085194,0.0161156,0,0,0,0.0000071
Santa Clara,700,0.0085194,0.0161156,0.0000141,0.0000313,0,0.0000127
Santa Clara,701,0.0085194,0.0161156,0,0,0,0
Santa Clara,702,0.0085194,0.0161156,0,0,0,0.0000439
Santa Clara,703,0.0085194,0.0161156,0,0,0,0.0000049
Santa Clara,704,0.0085194,0.0128477,0,0,0,0
Santa Clara,705,0.0085194,0.0128477,0,0,0.0000006,0
Santa Clara,706,0.0085194,0.0128477,0.0000017,0.0000083,0,0.000008
Santa Clara,707,0.0085194,0.0128477,0.000053,0.0000013,0,0.0000216
Santa Clara,708,0.0085194,0.0128477,0,0,0,0.0000345
Santa Clara,709,0.0085194,0.0128477,0,0.0000004,0,0.0000197
Santa Clara,710,0.0085194,0.0128477,0.0000056,0,0,0.0000141
Santa Clara,711,0.0085194,0.0128477,0,0,0,0.0000021
Santa Clara,712,0.0085194,0.0098798,0.0000192,0.0000096,0,0.0000134
Santa Clara,713,0.0085194,0.0098798,0.0000045,0,0,0
Santa Clara,714,0.0085194,0.0098798,0.0000062,0.000002,0,0.0000004
Alameda,715,0.0116104,0.0150161,0.000028,0.0000494,0.0001883,0.0000131
Alameda,716,0.0116104,0.0150161,0.0000033,0,0,0.0000144
Alameda,717,0.0116104,0.0150161,0,0,0,0.0000106
Alameda,718,0.0116104,0.0150161,0,0,0,0.0000071
Alameda,719,0.0116104,0.0150161,0,0,0,0
Alameda,720,0.0116104,0.0150161,0,0,0,0.0000127
Alameda,721,0.0116104,0.0150161,0,0,0,0.0000071
Alameda,722,0.0116104,0.0150161,0,0,0,0.0000127
Alameda,723,0.0116104,0.0150161,0,0,0,0.0000028
Alameda,724,0.0116104,0.0150161,0,0,0.0000004,0.0000085
Alameda,725,0.0116104,0.0150161,0,0,0,0
Alameda,726,0.0116104,0.0150161,0,0,0,0.0000155
Alameda,727,0.0116104,0.0150161,0,0,0,0.0000536
Alameda,728,0.0116104,0.0150161,0,0,0.0000028,0.0000176
Alameda,729,0.0116104,0.0103913,0,0,0,0
Alameda,730,0.0116104,0.0103913,0.0001002,0.0000423,0.0000107,0
Alameda,731,0.0116104,0.0103913,0,0,0,0
Alameda,732,0.0116104,0.0103913,0.0000033,0,0.0000011,0.0000365
Alameda,733,0.0116104,0.0103913,0.000167,0.0000204,0,0.0000179
Alameda,734,0.0116104,0.0103913,0,0,0,0.0000056
Alameda,735,0.0116104,0.0153784,0,0.000002,0,0.0000035
Alameda,736,0.0116104,0.0153784,0,0,0,0.0000343
Alameda,737,0.0116104,0.0153784,0.00001,0,0,0.0000111
Alameda,738,0.0116104,0.0153784,0,0,0,0
Alameda,739,0.0116104,0.0153784,0,0,0,0.0000186
Alameda,740,0.0116104,0.0153784,0,0,0,0.0000371
Alameda,741,0.0116104,0.0153784,0,0,0,0
Alameda,742,0.0116104,0.0153784,0.0000187,0.0000054,0.0000008,0.0000068
Alameda,743,0.0116104,0.0153784,0,0,0,0.0000134
Alameda,744,0.0116104,0.0153784,0,0,0,0.0000226
Alameda,745,0.0116104,0.0153784,0,0,0,0.0000086
Alameda,746,0.0116104,0.0153784,0.0000053,0.0000042,0,0.0000006
Alameda,747,0.0116104,0.0120615,0,0,0,0
Alameda,748,0.0116104,0.0120615,0,0,0,0
Alameda,749,0.0116104,0.0120615,0,0,0,0.000012
Alameda,750,0.0116104,0.0120615,0,0,0,0
Alameda,751,0.0116104,0.0120615,0,0,0,0
Alameda,752,0.0116104,0.0120615,0,0,0,0.0000353
Alameda,753,0.0116104,0.0120615,0,0,0,0
Alameda,754,0.0116104,0.0120615,0,0,0,0
Alameda,755,0.0116104,0.0120615,0,0,0,0.0000049
Alameda,756,0.0116104,0.0120615,0,0,0,0.0000542
Alameda,757,0.0116104,0.0120615,0,0,0,0.0000071
Alameda,758,0.0116104,0.0120615,0,0,0,0.0000113
Alameda,759,0.0116104,0.0120615,0,0,0,0.0000137
Alameda,760,0.0116104,0.0120615,0,0,0,0.0000096
Alameda,761,0.0116104,0.0120615,0,0,0,0.0000306
Alameda,762,0.0116104,0.0120615,0,0,0,0.0000078
Alameda,763,0.0116104,0.0120615,0.0000254,0.0000099,0.0000003,0
Alameda,764,0.0116104,0.0120615,0,0,0,0.0000393
Alameda,765,0.0116104,0.0120615,0,0.0000035,0,0.0000197
Alameda,766,0.0116104,0.0120615,0,0,0,0.0000076
Alameda,767,0.0116104,0.0121673,0.000002,0,0,0.0000141
Alameda,768,0.0116104,0.0121673,0,0,0,0.0000106
Alameda,769,0.0116104,0.0120615,0,0,0,0.0000071
Alameda,770,0.0116104,0.0121673,0,0,0,0.0000141
Alameda,771,0.0116104,0.0121673,0,0,0,0.0000258
Alameda,772,0.0116104,0.0121673,0,0,0,0
Alameda,773,0.0116104,0.0121673,0.00002,0,0,0.0000085
Alameda,774,0.0116104,0.0120615,0.0000013,0.0000003,0.0000567,0
Alameda,775,0.0116104,0.0120615,0,0,0,0
Alameda,776,0.0116104,0.0120615,0,0,0,0.0000388
Alameda,777,0.0116104,0.0120615,0.00001,0.0000062,0.0000034,0
Alameda,778,0.0116104,0.0120615,0.000002,0.0000635,0.0000007,0
Alameda,779,0.0116104,0.0120615,0,0,0,0.0000063
Alameda,780,0.0116104,0.0120615,0,0,0,0
Alameda,781,0.0116104,0.0120615,0,0,0,0.0000056
Alameda,782,0.0116104,0.0120615,0.000002,0,0,0
Alameda,783,0.0116104,0.0120615,0,0,0,0
Alameda,784,0.0116104,0.0120615,0,0,0,0.0000233
Alameda,785,0.0116104,0.0120615,0,0,0,0.0000141
Alameda,786,0.0116104,0.0120615,0,0,0,0
Alameda,787,0.0116104,0.0120615,0,0,0,0.0000076
Alameda,788,0.0116104,0.0120615,0,0,0,0.0000072
Alameda,789,0.0116104,0.0120615,0,0,0,0
Alameda,790,0.0116104,0.0156561,0,0,0,0
Alameda,791,0.0116104,0.0156561,0,0,0,0
Alameda,792,0.0116104,0.0156561,0,0,0,0
Alameda,793,0.0116104,0.0156561,0,0,0,0.0000141
Alameda,794,0.0116104,0.0156561,0,0,0,0
Alameda,795,0.0116104,0.0156561,0,0,0,0.0000268
Alameda,796,0.0116104,0.0156561,0,0,0,0
Alameda,797,0.0116104,0.0156561,0,0,0,0.0000161
Alameda,798,0.0116104,0.0156561,0,0,0,0.0000141
Alameda,799,0.0116104,0.0120615,0,0,0,0
Alameda,800,0.0116104,0.0156561,0,0,0,0.0000729
Alameda,801,0.0116104,0.0156561,0,0,0,0.0000071
Alameda,802,0.0116104,0.0156561,0,0,0,0
Alameda,803,0.0116104,0.0156561,0,0,0,0
Alameda,804,0.0116104,0.0112157,0,0,0,0.0000102
Alameda,805,0.0116104,0.0112157,0,0,0,0
Alameda,806,0.0116104,0.0112157,0,0,0,0.0000085
Alameda,807,0.0116104,0.0112157,0,0,0,0.0000056
Alameda,808,0.0116104,0.0112157,0,0,0,0.0000085
Alameda,809,0.0116104,0.0112157,0,0,0,0.0000219
Alameda,810,0.0116104,0.0112157,0.000016,0.0000106,0.0000017,0
Alameda,811,0.0116104,0.0112157,0,0,0,0.0000159
Alameda,812,0.0116104,0.0112157,0.0001603,0,0,0
Alameda,813,0.0116104,0.0112157,0,0,0,0.0000176
Alameda,814,0.0116104,0.0112157,0,0,0,0
Alameda,815,0.0116104,0.0112157,0,0,0,0.0000071
Alameda,816,0.0116104,0.0112157,0,0,0,0.0000082
Alameda,817,0.0116104,0.0112157,0.00002,0,0,0.000012
Alameda,818,0.0116104,0.0112157,0,0,0,0.0000106
Alameda,819,0.0116104,0.0112157,0,0,0,0.0000066
Alameda,820,0.0116104,0.0112157,0,0,0,0.0000007
Alameda,821,0.0116104,0.0112157,0,0,0,0.0000056
Alameda,822,0.0116104,0.0112157,0,0,0,0.0000056
Alameda,823,0.0116104,0.0112157,0.0000167,0,0,0.0000264
Alameda,824,0.0116104,0.0112157,0,0,0,0
Alameda,825,0.0116104,0.0112157,0,0,0,0.0000071
Alameda,826,0.0116104,0.0112157,0,0,0,0.0000085
Alameda,827,0.0116104,0.0112157,0.0002124,0.000025,0,0.0000197
Alameda,828,0.0116104,0.0112157,0,0,0,0.0000223
Alameda,829,0.0116104,0.0112157,0.000201,0,0,0.0000071
Alameda,830,0.0116104,0.0112157,0,0,0,0.0000071
Alameda,831,0.0116104,0.002977,0,0,0,0
Alameda,832,0.0116104,0.002977,0,0,0,0.000012
Alameda,833,0.0116104,0.002977,0,0,0,0
Alameda,834,0.0116104,0.002977,0,0,0,0
Alameda,835,0.0116104,0.002977,0,0,0,0
Alameda,836,0.0116104,0.002977,0,0,0,0
Alameda,837,0.0116104,0.0051678,0.0001336,0,0,0.0000103
Alameda,838,0.0116104,0.0112157,0,0,0,0
Alameda,839,0.0116104,0.0112157,0.0000534,0,0,0
Alameda,840,0.0116104,0.0112157,0,0.0000011,0.000001,0.0000068
Alameda,841,0.0116104,0.0112157,0,0,0,0.0000056
Alameda,842,0.0116104,0.0186126,0,0,0,0
Alameda,843,0.0116104,0.0051678,0,0,0,0
Alameda,844,0.0116104,0.0186126,0,0,0,0.0000183
Alameda,845,0.0116104,0.0186126,0,0,0,0.0000632
Alameda,846,0.0116104,0.0186126,0,0.000002,0,0.0000161
Alameda,847,0.0116104,0.0186126,0.0000013,0,0,0
Alameda,848,0.0116104,0.0186126,0.000004,0,0,0.0000049
Alameda,849,0.0116104,0.0186126,0,0,0,0.000025
Alameda,850,0.0116104,0.0186126,0,0,0,0
Alameda,851,0.0116104,0.0186126,0.0000501,0,0,0.0000038
Alameda,852,0.0116104,0.0186126,0,0,0,0.0000062
Alameda,853,0.0116104,0.0186126,0.0001817,0,0,0
Alameda,854,0.0116104,0.014259,0.000008,0,0,0
Alameda,855,0.0116104,0.014259,0,0,0,0.0000113
Alameda,856,0.0116104,0.014259,0,0,0,0
Alameda,857,0.0116104,0.014259,0,0.0000006,0,0.0000329
Alameda,858,0.0116104,0.0122089,0,0,0,0
Alameda,859,0.0116104,0.0122089,0,0,0,0
Alameda,860,0.0116104,0.0122089,0,0,0,0
Alameda,861,0.0116104,0.0122089,0,0,0,0.000024
Alameda,862,0.0116104,0.0122089,0,0,0.0000007,0.0000092
Alameda,863,0.0116104,0.0122089,0,0,0.0000007,0
Alameda,864,0.0116104,0.0122089,0,0,0,0.0000149
Alameda,865,0.0116104,0.0122089,0,0,0,0.0000337
Alameda,866,0.0116104,0.0122089,0.0001449,0,0,0
Alameda,867,0.0116104,0.0122089,0,0,0,0.0000114
Alameda,868,0.0116104,0.0122089,0,0,0,0.0000071
Alameda,869,0.0116104,0.0122089,0,0,0,0.0000059
Alameda,870,0.0116104,0.0122089,0.0005329,0,0,0
Alameda,871,0.0116104,0.0122089,0.0001008,0,0,0
Alameda,872,0.0116104,0.0122089,0,0,0,0.0000331
Alameda,873,0.0116104,0.0122089,0,0.0000106,0,0.0000085
Alameda,874,0.0116104,0.0137999,0,0,0.0000197,0.0000011
Alameda,875,0.0116104,0.0137999,0.0001382,0.0000241,0.0000013,0.0000006
Alameda,876,0.0116104,0.0137999,0,0,0,0
Alameda,877,0.0116104,0.0137999,0,0,0,0.0000113
Alameda,878,0.0116104,0.0137999,0,0,0,0.0000038
Alameda,879,0.0116104,0.0137999,0,0,0,0
Alameda,880,0.0116104,0.0137999,0,0,0,0.0000233
Alameda,881,0.0116104,0.0137999,0,0,0,0
Alameda,882,0.0116104,0.0137999,0,0,0.0000028,0
Alameda,883,0.0116104,0.0137999,0.0001603,0,0,0.0000039
Alameda,884,0.0116104,0.0137999,0,0,0,0.0000025
Alameda,885,0.0116104,0.0137999,0,0,0,0.0000345
Alameda,886,0.0116104,0.0137999,0,0,0,0.0000114
Alameda,887,0.0116104,0.0137999,0,0,0,0.0000028
Alameda,888,0.0116104,0.0137999,0,0,0,0.0000327
Alameda,889,0.0116104,0.0137999,0,0,0,0
Alameda,890,0.0116104,0.0137999,0,0,0,0.000002
Alameda,891,0.0116104,0.0137999,0,0,0,0
Alameda,892,0.0116104,0.0137999,0,0,0,0
Alameda,893,0.0116104,0.0137999,0,0,0,0.0000106
Alameda,894,0.0116104,0.0137999,0,0,0,0
Alameda,895,0.0116104,0.0137999,0,0,0,0.0000056
Alameda,896,0.0116104,0.0137999,0,0,0,0.0000071
Alameda,897,0.0116104,0.0137999,0,0,0,0
Alameda,898,0.0116104,0.0137999,0,0,0,0
Alameda,899,0.0116104,0.0137999,0,0,0.0000099,0.0000169
Alameda,900,0.0116104,0.0137999,0.0002571,0,0,0.0000155
Alameda,901,0.0116104,0.0137999,0,0,0,0
Alameda,902,0.0116104,0.0137999,0,0,0,0
Alameda,903,0.0116104,0.0137999,0,0,0,0.0000097
Alameda,904,0.0116104,0.0137999,0,0,0,0.000032
Alameda,905,0.0116104,0.0137999,0,0,0,0.0000128
Alameda,906,0.0116104,0.0137999,0,0,0,0.0000049
Alameda,907,0.0116104,0.0137999,0,0,0,0.0000097
Alameda,908,0.0116104,0.0137999,0,0,0,0.0000056
Alameda,909,0.0116104,0.0137999,0,0.0000001,0,0.0000086
Alameda,910,0.0116104,0.0137999,0,0,0,0.0000482
Alameda,911,0.0116104,0.0137999,0,0,0,0
Alameda,912,0.0116104,0.0137999,0,0,0,0.0000157
Alameda,913,0.0116104,0.0137999,0,0,0,0.0000104
Alameda,914,0.0116104,0.0137999,0,0,0,0
Alameda,915,0.0116104,0.0137999,0,0,0,0.0000039
Alameda,916,0.0116104,0.0137999,0,0,0,0.0000355
Alameda,917,0.0116104,0.0177587,0.0000334,0,0.0000127,0.0000071
Alameda,918,0.0116104,0.0177587,0,0,0,0.0000197
Alameda,919,0.0116104,0.0137999,0,0,0,0
Alameda,920,0.0116104,0.0137999,0,0,0,0
Alameda,921,0.0116104,0.0137999,0,0,0,0
Alameda,922,0.0116104,0.0137999,0,0,0,0.0000063
Alameda,923,0.0116104,0.0137999,0,0,0,0.0000056
Alameda,924,0.0116104,0.0137999,0,0,0,0.0000341
Alameda,925,0.0116104,0.0137999,0.0000314,0,0,0
Alameda,926,0.0116104,0.0137999,0.0000147,0,0.0000282,0.0000079
Alameda,927,0.0116104,0.0137999,0,0,0,0
Alameda,928,0.0116104,0.0137999,0,0,0,0
Alameda,929,0.0116104,0.0137999,0,0,0,0
Alameda,930,0.0116104,0.0137999,0,0,0,0
Alameda,931,0.0116104,0.0137999,0,0,0,0
Alameda,932,0.0116104,0.0137999,0,0,0,0
Alameda,933,0.0116104,0.0137999,0,0,0,0.0000254
Alameda,934,0.0116104,0.0137999,0,0,0,0.0000169
Alameda,935,0.0116104,0.0137999,0,0,0,0
Alameda,936,0.0116104,0.0137999,0,0,0,0.0000118
Alameda,937,0.0116104,0.0137999,0,0,0,0
Alameda,938,0.0116104,0.0137999,0,0,0,0
Alameda,939,0.0116104,0.0137999,0,0,0,0
Alameda,940,0.0116104,0.0137999,0,0,0,0
Alameda,941,0.0116104,0.0137999,0,0,0,0.0000063
Alameda,942,0.0116104,0.0137999,0,0,0,0.0000085
Alameda,943,0.0116104,0.0137999,0,0,0,0.0000282
Alameda,944,0.0116104,0.0137999,0,0,0,0
Alameda,945,0.0116104,0.0137999,0.0008715,0.000036,0,0
Alameda,946,0.0116104,0.0137999,0.0000114,0.0000279,0.0000513,0
Alameda,947,0.0116104,0.0137999,0.0000254,0,0.0000182,0.0001227
Alameda,948,0.0116104,0.0184904,0,0,0.0000963,0.0000001
Alameda,949,0.0116104,0.0184904,0,0,0,0.0000071
Alameda,950,0.0116104,0.0184904,0,0,0,0
Alameda,951,0.0116104,0.0184904,0,0,0,0.0000148
Alameda,952,0.0116104,0.0184904,0.0000841,0,0.000024,0
Alameda,953,0.0116104,0.0184904,0,0,0,0.0000071
Alameda,954,0.0116104,0.0184904,0.0000087,0.0000028,0,0
Alameda,955,0.0116104,0.0184904,0,0,0.0002,0.0000876
Alameda,956,0.0116104,0.0184904,0,0,0.0000451,0.0000028
Alameda,957,0.0116104,0.0184904,0,0,0,0.0000178
Alameda,958,0.0116104,0.0184904,0,0,0.0000068,0
Alameda,959,0.0116104,0.0184904,0,0,0,0.0000056
Alameda,960,0.0116104,0.0184904,0,0,0,0.0000024
Alameda,961,0.0116104,0.0184904,0,0,0.0000007,0.000013
Alameda,962,0.0116104,0.0184904,0,0,0,0.0000141
Alameda,963,0.0116104,0.0184904,0,0,0,0.0000185
Alameda,964,0.0116104,0.0184904,0,0,0.0001763,0
Alameda,965,0.0116104,0.0137999,0,0,0.0000753,0
Alameda,966,0.0116104,0.0137999,0,0,0,0
Alameda,967,0.0116104,0.0137999,0.0002484,0,0.0000071,0
Alameda,968,0.0116104,0.0137999,0.0000808,0.0000116,0,0
Alameda,969,0.0116104,0.0137999,0.00001,0.0000141,0.0004271,0
Alameda,970,0.0116104,0.0137999,0.0018366,0.0001053,0.000009,0.0000048
Alameda,971,0.0116104,0.0137999,0,0.0001307,0.0000289,0.0000039
Alameda,972,0.0116104,0.0137999,0,0,0.0000176,0.000012
Alameda,973,0.0116104,0.0137999,0,0,0,0
Alameda,974,0.0116104,0.0137999,0,0,0,0
Alameda,975,0.0116104,0.0137999,0,0,0,0.0000282
Alameda,976,0.0116104,0.0137999,0,0.0000169,0,0
Alameda,977,0.0116104,0.0137999,0,0,0,0.0000014
Alameda,978,0.0116104,0.0137999,0,0,0,0.0000042
Alameda,979,0.0116104,0.0137999,0,0.0000014,0,0.0000017
Alameda,980,0.0116104,0.0137999,0,0,0,0.0000071
Alameda,981,0.0116104,0.0137999,0,0,0,0
Alameda,982,0.0116104,0.0137999,0,0,0,0.0000113
Alameda,983,0.0116104,0.0137999,0,0,0,0
Alameda,984,0.0116104,0.0137999,0,0,0,0.0000034
Alameda,985,0.0116104,0.0137999,0,0,0.0000028,0
Alameda,986,0.0116104,0.0137999,0,0,0,0
Alameda,987,0.0116104,0.0137999,0,0,0,0
Alameda,988,0.0116104,0.0137999,0,0.0000151,0.0000042,0
Alameda,989,0.0116104,0.0137999,0,0,0,0.000012
Alameda,990,0.0116104,0.0137999,0,0,0,0
Alameda,991,0.0116104,0.0055556,0,0.0000107,0.0000071,0.0000079
Alameda,992,0.0116104,0.0137999,0,0,0,0
Alameda,993,0.0116104,0.0137999,0,0,0,0
Alameda,994,0.0116104,0.015237,0,0,0,0
Alameda,995,0.0116104,0.015237,0.000002,0,0,0.0000068
Alameda,996,0.0116104,0.0137999,0,0,0,0
Alameda,997,0.0116104,0.0137999,0,0,0,0
Alameda,998,0.0116104,0.0137999,0,0,0,0
Alameda,999,0.0116104,0.0137999,0,0,0,0
Alameda,1000,0.0116104,0.0137999,0,0,0.0000003,0.0000037
Alameda,1001,0.0116104,0.0137999,0,0,0,0.0000049
Alameda,1002,0.0116104,0.015237,0,0,0,0
Alameda,1003,0.0116104,0.015237,0,0,0,0
Alameda,1004,0.0116104,0.015237,0,0,0,0.0000056
Alameda,1005,0.0116104,0.0137999,0,0.0000001,0,0
Alameda,1006,0.0116104,0.015237,0,0,0,0.0000034
Alameda,1007,0.0116104,0.015237,0,0,0,0
Alameda,1008,0.0116104,0.015237,0,0,0,0
Alameda,1009,0.0116104,0.015237,0,0,0,0
Alameda,1010,0.0116104,0.015237,0,0,0,0.0000176
Alameda,1011,0.0116104,0.015237,0,0,0,0.0000073
Alameda,1012,0.0116104,0.015237,0,0.0000003,0,0.0000085
Alameda,1013,0.0116104,0.015237,0,0,0,0
Alameda,1014,0.0116104,0.015237,0,0.0000303,0,0.0000008
Alameda,1015,0.0116104,0.015237,0,0,0,0.0000079
Alameda,1016,0.0116104,0.015237,0,0.0000004,0,0
Alameda,1017,0.0116104,0.015237,0,0,0,0.000031
Alameda,1018,0.0116104,0.015237,0.0000033,0.0000162,0,0.0000488
Alameda,1019,0.0116104,0.015237,0,0.0000004,0.0000051,0
Alameda,1020,0.0116104,0.015237,0,0,0,0
Alameda,1021,0.0116104,0.015237,0,0.0000532,0.0000042,0.0000021
Alameda,1022,0.0116104,0.015237,0,0,0,0
Alameda,1023,0.0116104,0.015237,0,0,0,0.0000632
Alameda,1024,0.0116104,0.015237,0,0,0,0
Alameda,1025,0.0116104,0.015237,0,0,0,0.0000049
Alameda,1026,0.0116104,0.015237,0,0,0,0.000014
Alameda,1027,0.0116104,0.015237,0,0,0,0
Alameda,1028,0.0116104,0.015237,0,0,0,0
Alameda,1029,0.0116104,0.015237,0,0,0,0.0000099
Alameda,1030,0.0116104,0.015237,0,0,0,0
Alameda,1031,0.0116104,0.015237,0,0,0,0
Alameda,1032,0.0116104,0.015237,0,0,0,0.0000028
Alameda,1033,0.0116104,0.015237,0,0,0,0.0000063
Alameda,1034,0.0116104,0.0208873,0,0,0,0.0000085
Alameda,1035,0.0116104,0.0208873,0,0,0,0.0000285
Alameda,1036,0.0116104,0.0208873,0,0,0,0
Alameda,1037,0.0116104,0.0208873,0,0,0,0.0000085
Alameda,1038,0.0116104,0.0208873,0,0.0000557,0.0000071,0.0000092
Alameda,1039,0.0116104,0.0208873,0,0.0000071,0,0
Contra Costa,1040,0.0073739,0.0171855,0,0,0,0
Contra Costa,1041,0.0073739,0.0171855,0,0.0000006,0,0.0000056
Contra Costa,1042,0.0073739,0.0171855,0,0,0,0.0000183
Contra Costa,1043,0.0073739,0.0171855,0.0000048,0,0,0
Contra Costa,1044,0.0073739,0.0171855,0,0,0,0.0000056
Contra Costa,1045,0.0073739,0.0171855,0,0,0,0
Contra Costa,1046,0.0073739,0.0171855,0,0,0,0
Contra Costa,1047,0.0073739,0.0171855,0,0.0000071,0,0.0000257
Contra Costa,1048,0.0073739,0.0171855,0.0000105,0,0,0.0000065
Contra Costa,1049,0.0073739,0.0171157,0,0,0,0
Contra Costa,1050,0.0073739,0.0171157,0,0.0000114,0,0.0000221
Contra Costa,1051,0.0073739,0.0171855,0,0,0,0.0000078
Contra Costa,1052,0.0073739,0.0171855,0,0,0,0
Contra Costa,1053,0.0073739,0.0171855,0,0,0,0
Contra Costa,1054,0.0073739,0.0171157,0,0,0,0
Contra Costa,1055,0.0073739,0.0171157,0,0,0,0.0000056
Contra Costa,1056,0.0073739,0.0171157,0,0,0,0.0000106
Contra Costa,1057,0.0073739,0.0171157,0,0,0,0
Contra Costa,1058,0.0073739,0.0171157,0.0000335,0.0000092,0,0.0000169
Contra Costa,1059,0.0073739,0.0171157,0,0.000019,0.0000071,0
Contra Costa,1060,0.0073739,0.0171157,0,0,0,0.0000075
Contra Costa,1061,0.0073739,0.0171157,0.000024,0.0000014,0,0.0000166
Contra Costa,1062,0.0073739,0.0171157,0,0.0000018,0,0.0000068
Contra Costa,1063,0.0073739,0.0171157,0,0,0.0000083,0
Contra Costa,1064,0.0073739,0.0171157,0,0,0,0.0000113
Contra Costa,1065,0.0073739,0.0171157,0,0,0,0.0000369
Contra Costa,1066,0.0073739,0.0152826,0,0,0,0
Contra Costa,1067,0.0073739,0.0152826,0,0,0,0.0000268
Contra Costa,1068,0.0073739,0.0171157,0.0000489,0,0,0.0000058
Contra Costa,1069,0.0073739,0.0171157,0.0000067,0,0.0000018,0
Contra Costa,1070,0.0073739,0.0152826,0,0,0,0.0000106
Contra Costa,1071,0.0073739,0.0152826,0,0,0,0.0000071
Contra Costa,1072,0.0073739,0.0152826,0.0000019,0.0000023,0,0.000019
Contra Costa,1073,0.0073739,0.0171157,0,0,0,0.0000114
Contra Costa,1074,0.0073739,0.0171157,0,0,0,0.0000162
Contra Costa,1075,0.0073739,0.0152826,0,0,0,0.0000071
Contra Costa,1076,0.0073739,0.0171157,0,0,0,0.0000589
Contra Costa,1077,0.0073739,0.0171157,0,0,0,0
Contra Costa,1078,0.0073739,0.0171157,0,0,0,0.0000317
Contra Costa,1079,0.0073739,0.0171157,0,0,0,0.0000382
Contra Costa,1080,0.0073739,0.0145062,0,0,0,0.0000162
Contra Costa,1081,0.0073739,0.0145062,0,0,0,0.0000042
Contra Costa,1082,0.0073739,0.0145062,0,0,0,0.0000169
Contra Costa,1083,0.0073739,0.0123096,0,0.0000021,0,0.000019
Contra Costa,1084,0.0073739,0.0145062,0,0,0,0.0000068
Contra Costa,1085,0.0073739,0.0123096,0,0,0,0.0000261
Contra Costa,1086,0.0073739,0.0123096,0,0,0,0.0000054
Contra Costa,1087,0.0073739,0.0123096,0,0,0,0.0000042
Contra Costa,1088,0.0073739,0.0058799,0,0,0,0
Contra Costa,1089,0.0073739,0.0058799,0,0,0,0.0000018
Contra Costa,1090,0.0073739,0.0058799,0,0,0,0.0000082
Contra Costa,1091,0.0073739,0.012255,0.0009198,0,0,0.0000176
Contra Costa,1092,0.0073739,0.012255,0.0014171,0,0,0
Contra Costa,1093,0.0073739,0.012255,0.0012916,0,0,0.0000152
Contra Costa,1094,0.0073739,0.012255,0.0019949,0,0,0.0000071
Contra Costa,1095,0.0073739,0.012255,0.0000383,0,0,0.0000076
Contra Costa,1096,0.0073739,0.012255,0.0001715,0.0000151,0,0.0000059
Contra Costa,1097,0.0073739,0.016309,0,0.0000025,0.0000035,0
Contra Costa,1098,0.0073739,0.0125458,0,0,0,0
Contra Costa,1099,0.0073739,0.0125458,0,0,0,0.0000056
Contra Costa,1100,0.0073739,0.0082276,0,0,0.0000282,0.0000063
Contra Costa,1101,0.0073739,0.0082276,0,0,0,0.0000085
Contra Costa,1102,0.0073739,0.0082276,0,0,0,0
Contra Costa,1103,0.0073739,0.0125458,0,0,0.0000001,0.000019
Contra Costa,1104,0.0073739,0.0125458,0,0,0,0
Contra Costa,1105,0.0073739,0.0125458,0,0,0,0
Contra Costa,1106,0.0073739,0.0125458,0,0,0,0.0000182
Contra Costa,1107,0.0073739,0.0125458,0,0,0,0
Contra Costa,1108,0.0073739,0.0125458,0,0,0,0
Contra Costa,1109,0.0073739,0.0125458,0,0,0,0.0000785
Contra Costa,1110,0.0073739,0.0125458,0.0000287,0,0,0.0000068
Contra Costa,1111,0.0073739,0.0125458,0,0.0000042,0,0.0000197
Contra Costa,1112,0.0073739,0.0125458,0,0,0,0.0000275
Contra Costa,1113,0.0073739,0.0125458,0,0,0.0000021,0
Contra Costa,1114,0.0073739,0.0125458,0,0,0,0.0000099
Contra Costa,1115,0.0073739,0.0125458,0,0,0,0
Contra Costa,1116,0.0073739,0.0125458,0,0,0,0.0000089
Contra Costa,1117,0.0073739,0.0125458,0,0,0,0
Contra Costa,1118,0.0073739,0.0125458,0,0,0,0
Contra Costa,1119,0.0073739,0.0125458,0,0,0.0000001,0.0000071
Contra Costa,1120,0.0073739,0.0125458,0,0,0,0.0000071
Contra Costa,1121,0.0073739,0.035205,0.0000431,0,0,0.0000162
Contra Costa,1122,0.0073739,0.0125458,0.00055,0.0000107,0.0000027,0.0000114
Contra Costa,1123,0.0073739,0.035205,0,0,0,0
Contra Costa,1124,0.0073739,0.012255,0.0009821,0.0000003,0.0000062,0.0000042
Contra Costa,1125,0.0073739,0.012255,0,0,0,0.0000063
Contra Costa,1126,0.0073739,0.035205,0,0,0,0.0000071
Contra Costa,1127,0.0073739,0.035205,0.0000345,0,0.0000016,0.0000612
Contra Costa,1128,0.0073739,0.035205,0,0,0,0.0000085
Contra Costa,1129,0.0073739,0.035205,0.0004331,0.0000037,0,0.000141
Contra Costa,1130,0.0073739,0.035205,0,0,0,0
Contra Costa,1131,0.0073739,0.035205,0,0,0,0
Contra Costa,1132,0.0073739,0.0236056,0,0,0,0.0000265
Contra Costa,1133,0.0073739,0.0108436,0,0,0,0
Contra Costa,1134,0.0073739,0.0108436,0,0.0000035,0,0.0000073
Contra Costa,1135,0.0073739,0.0108436,0,0,0,0.0000141
Contra Costa,1136,0.0073739,0.0108436,0,0,0,0
Contra Costa,1137,0.0073739,0.0108436,0,0,0.0000106,0.0000392
Contra Costa,1138,0.0073739,0.0108436,0,0,0,0.0000071
Contra Costa,1139,0.0073739,0.0108436,0,0,0,0
Contra Costa,1140,0.0073739,0.0108436,0,0,0,0.0000078
Contra Costa,1141,0.0073739,0.0108436,0,0,0,0.000019
Contra Costa,1142,0.0073739,0.0108436,0,0,0,0.0000042
Contra Costa,1143,0.0073739,0.0108436,0,0,0,0.0000121
Contra Costa,1144,0.0073739,0.0108436,0,0,0,0
Contra Costa,1145,0.0073739,0.0108436,0.0000517,0.0000247,0.0000059,0
Contra Costa,1146,0.0073739,0.0108436,0,0.0000004,0,0.0000141
Contra Costa,1147,0.0073739,0.0108436,0,0,0,0
Contra Costa,1148,0.0073739,0.0108436,0,0,0,0.0000014
Contra Costa,1149,0.0073739,0.0108436,0,0,0.0000003,0
Contra Costa,1150,0.0073739,0.0236056,0.0000067,0,0,0.0000172
Contra Costa,1151,0.0073739,0.0236056,0,0,0,0.0000106
Contra Costa,1152,0.0073739,0.0236056,0,0,0,0.0000141
Contra Costa,1153,0.0073739,0.0117463,0,0,0,0.0000085
Contra Costa,1154,0.0073739,0.0117463,0,0,0,0.0000181
Contra Costa,1155,0.0073739,0.0117463,0,0,0,0
Contra Costa,1156,0.0073739,0.0117463,0,0,0,0
Contra Costa,1157,0.0073739,0.0172731,0,0,0,0.0000028
Contra Costa,1158,0.0073739,0.0172731,0,0,0,0.0000234
Contra Costa,1159,0.0073739,0.0172731,0,0,0,0
Contra Costa,1160,0.0073739,0.0172731,0,0,0,0.0000148
Contra Costa,1161,0.0073739,0.0201322,0,0.0000001,0.0000014,0.000025
Contra Costa,1162,0.0073739,0.0064734,0,0,0,0
Contra Costa,1163,0.0073739,0.0108436,0,0,0,0.0000086
Contra Costa,1164,0.0073739,0.0064734,0.0000527,0,0,0.0000062
Contra Costa,1165,0.0073739,0.0201322,0,0,0,0.0000341
Contra Costa,1166,0.0073739,0.0201322,0,0,0,0.0000437
Contra Costa,1167,0.0073739,0.0201322,0,0,0.0000006,0.0000085
Contra Costa,1168,0.0073739,0.0085415,0,0,0,0.0000071
Contra Costa,1169,0.0073739,0.0085415,0,0,0,0.0000228
Contra Costa,1170,0.0073739,0.0085415,0,0,0,0.0000085
Contra Costa,1171,0.0073739,0.0085415,0,0,0,0.0000071
Contra Costa,1172,0.0073739,0.0085415,0,0,0,0.0000096
Contra Costa,1173,0.0073739,0.0085415,0,0,0,0.0000282
Contra Costa,1174,0.0073739,0.0085415,0,0,0,0.0000072
Contra Costa,1175,0.0073739,0.0085415,0.0000067,0,0,0.0000204
Contra Costa,1176,0.0073739,0.0085415,0,0,0,0.0000047
Contra Costa,1177,0.0073739,0.0063315,0,0,0,0.0000169
Contra Costa,1178,0.0073739,0.0141159,0,0,0,0.0000622
Contra Costa,1179,0.0073739,0.0141159,0.0001044,0,0,0.0000502
Contra Costa,1180,0.0073739,0.0114065,0.000115,0,0,0.0000338
Contra Costa,1181,0.0073739,0.0114065,0,0,0,0
Contra Costa,1182,0.0073739,0.0114065,0.0000029,0,0,0.0000226
Contra Costa,1183,0.0073739,0.0124158,0,0.0000028,0,0
Contra Costa,1184,0.0073739,0.0124158,0,0,0,0.0000113
Contra Costa,1185,0.0073739,0.0114065,0,0,0,0.000014
Contra Costa,1186,0.0073739,0.0124158,0,0,0,0.0000584
Contra Costa,1187,0.0073739,0.0124158,0,0,0,0
Contra Costa,1188,0.0073739,0.0124158,0,0.0000008,0,0.0000148
Contra Costa,1189,0.0073739,0.0124158,0,0,0,0.0000367
Contra Costa,1190,0.0073739,0.0124158,0,0,0,0
Contra Costa,1191,0.0073739,0.0124158,0,0,0,0.0000113
Contra Costa,1192,0.0073739,0.0124158,0.0000067,0,0,0.0000071
Contra Costa,1193,0.0073739,0.0124158,0,0,0,0
Contra Costa,1194,0.0073739,0.0124158,0,0,0,0.0000099
Contra Costa,1195,0.0073739,0.0124158,0.0000335,0,0,0
Contra Costa,1196,0.0073739,0.016309,0,0,0,0.0000085
Contra Costa,1197,0.0073739,0.0124158,0,0,0,0.0000106
Contra Costa,1198,0.0073739,0.016309,0,0,0,0.0000106
Contra Costa,1199,0.0073739,0.016309,0.0000096,0,0.000003,0.0000422
Contra Costa,1200,0.0073739,0.016309,0,0,0,0.0000079
Contra Costa,1201,0.0073739,0.016309,0,0,0,0.0000096
Contra Costa,1202,0.0073739,0.016309,0,0,0,0
Contra Costa,1203,0.0073739,0.016309,0.0000316,0,0,0.000056
Contra Costa,1204,0.0073739,0.016309,0.0000105,0,0,0
Contra Costa,1205,0.0073739,0.016309,0.0000182,0,0,0
Contra Costa,1206,0.0073739,0.016309,0,0,0,0.0000075
Contra Costa,1207,0.0073739,0.016309,0,0,0,0.0000078
Contra Costa,1208,0.0073739,0.016309,0,0,0,0.0000106
Contra Costa,1209,0.0073739,0.016309,0,0,0,0
Contra Costa,1210,0.0073739,0.016309,0,0,0,0.0000213
Solano,1211,0.0122949,0.0140733,0,0.0000027,0.0000071,0
Solano,1212,0.0122949,0.0140733,0,0.0000008,0,0.0000049
Solano,1213,0.0122949,0.0140733,0,0.0000006,0,0.0000212
Solano,1214,0.0122949,0.0140733,0,0.0000083,0,0
Solano,1215,0.0122949,0.0140733,0,0,0,0.0000204
Solano,1216,0.0122949,0.0140733,0,0.0000054,0,0
Solano,1217,0.0122949,0.0140733,0,0,0,0.0000085
Solano,1218,0.0122949,0.0123078,0,0,0,0
Solano,1219,0.0122949,0.0123078,0,0.0001199,0,0
Solano,1220,0.0122949,0.0123078,0,0,0,0
Solano,1221,0.0122949,0.0123078,0,0,0,0.0000168
Solano,1222,0.0122949,0.0123078,0,0,0,0.0000071
Solano,1223,0.0122949,0.0123078,0,0.0000003,0,0
Solano,1224,0.0122949,0.0123078,0.0000347,0,0,0.0000056
Solano,1225,0.0122949,0.0123078,0,0,0,0.0000076
Solano,1226,0.0122949,0.0123078,0,0,0,0.0000113
Solano,1227,0.0122949,0.0123078,0,0,0,0
Solano,1228,0.0122949,0.0123078,0,0,0,0.0000085
Solano,1229,0.0122949,0.0123078,0,0,0,0.0000254
Solano,1230,0.0122949,0.0123078,0,0,0,0.0000099
Solano,1231,0.0122949,0.0123078,0,0,0,0.0000141
Solano,1232,0.0122949,0.0123078,0.0004214,0.0000042,0,0
Solano,1233,0.0122949,0.0123078,0,0,0,0.0000226
Solano,1234,0.0122949,0.0123078,0.0000744,0,0,0.0000204
Solano,1235,0.0122949,0.0123078,0,0.0000054,0.0000039,0
Solano,1236,0.0122949,0.0123078,0,0,0,0
Solano,1237,0.0122949,0.0123078,0,0,0,0.0000085
Solano,1238,0.0122949,0.0123078,0,0,0.0000625,0.0000042
Solano,1239,0.0122949,0.0123078,0,0,0,0
Solano,1240,0.0122949,0.0123078,0,0,0,0.0000063
Solano,1241,0.0122949,0.0123078,0,0.0000021,0.000001,0
Solano,1242,0.0122949,0.0123078,0.0000099,0,0,0.0000071
Solano,1243,0.0122949,0.0123078,0,0,0,0.0000071
Solano,1244,0.0122949,0.0123078,0,0,0,0.00002
Solano,1245,0.0122949,0.0123078,0.0000496,0,0,0
Solano,1246,0.0122949,0.0123078,0,0,0,0
Solano,1247,0.0122949,0.016785,0.0000149,0,0,0.0000127
Solano,1248,0.0122949,0.016785,0.0001239,0,0,0
Solano,1249,0.0122949,0.016785,0.0000297,0.0000286,0.0000027,0
Solano,1250,0.0122949,0.016785,0.0007982,0.0000051,0.0000001,0.0000085
Solano,1251,0.0122949,0.0092913,0.0000744,0.0000014,0,0.0000102
Solano,1252,0.0122949,0.016785,0,0.0000021,0.0000814,0.0000212
Solano,1253,0.0122949,0.0092913,0,0,0,0
Solano,1254,0.0122949,0.0092913,0,0,0,0.000012
Solano,1255,0.0122949,0.0092913,0,0.0000014,0.0000007,0.0000106
Solano,1256,0.0122949,0.0092913,0,0,0,0.0000071
Solano,1257,0.0122949,0.016785,0,0,0,0.0000197
Solano,1258,0.0122949,0.016785,0,0,0,0.0000094
Solano,1259,0.0122949,0.016785,0,0,0,0.0000197
Solano,1260,0.0122949,0.016785,0.001341,0.0000071,0,0
Solano,1261,0.0122949,0.0092913,0,0,0,0
Solano,1262,0.0122949,0.016785,0.0013163,0,0,0.0000028
Solano,1263,0.0122949,0.016785,0,0,0,0.0000049
Solano,1264,0.0122949,0.016785,0,0,0,0.0000226
Solano,1265,0.0122949,0.016785,0,0,0.0000001,0
Solano,1266,0.0122949,0.016785,0,0.0000016,0,0.0000099
Solano,1267,0.0122949,0.016785,0,0.0000141,0,0.0000063
Solano,1268,0.0122949,0.016785,0,0,0.0000008,0.0000362
Solano,1269,0.0122949,0.016785,0.0001239,0,0,0.0000437
Solano,1270,0.0122949,0.016785,0.0000744,0,0,0.000036
Solano,1271,0.0122949,0.0316251,0,0,0,0.0000169
Solano,1272,0.0122949,0.0316251,0,0.0000003,0,0
Solano,1273,0.0122949,0.0316251,0,0,0,0.0000113
Solano,1274,0.0122949,0.0316251,0,0.0001594,0.0000018,0.0000494
Solano,1275,0.0122949,0.0316251,0,0,0,0.0000113
Solano,1276,0.0122949,0.0316251,0,0,0,0.0000059
Solano,1277,0.0122949,0.0316251,0,0,0,0
Solano,1278,0.0122949,0.0316251,0,0,0,0.0000135
Solano,1279,0.0122949,0.0316251,0.0000099,0,0,0.0000041
Solano,1280,0.0122949,0.0316251,0,0.000002,0,0.00001
Solano,1281,0.0122949,0.0316251,0.0000124,0,0,0
Solano,1282,0.0122949,0.0316251,0.0001363,0,0,0.0000238
Solano,1283,0.0122949,0.0316251,0.0000074,0,0,0.0000561
Solano,1284,0.0122949,0.0316251,0.0000397,0.0000006,0,0.0000075
Solano,1285,0.0122949,0.0316251,0,0,0,0.0001811
Solano,1286,0.0122949,0.0007031,0.0000074,0,0,0.0000007
Solano,1287,0.0122949,0.0007031,0,0,0.0000055,0
Solano,1288,0.0122949,0.0219881,0,0,0.0000011,0.0000361
Solano,1289,0.0122949,0.0219881,0.0000149,0,0.0000004,0.0000213
Solano,1290,0.0122949,0.0126354,0.0000074,0.00001,0.0000032,0.0000148
Napa,1291,0.0046771,0.0044433,0,0,0,0
Napa,1292,0.0046771,0.0044433,0.0010477,0.0000035,0.0000071,0.0000127
Napa,1293,0.0046771,0.0179852,0,0.0000079,0,0.0000204
Napa,1294,0.0046771,0.0179852,0.0002245,0,0,0.0000042
Napa,1295,0.0046771,0.0179852,0.0000374,0,0.0000014,0.0000212
Napa,1296,0.0046771,0.0179852,0,0,0,0.0000056
Napa,1297,0.0046771,0.0179852,0,0,0,0.0000049
Napa,1298,0.0046771,0.0179852,0.0003068,0.0000013,0.0000007,0.0000025
Napa,1299,0.0046771,0.0179852,0.0052683,0,0,0
Napa,1300,0.0046771,0.0179852,0.0000374,0,0,0.000011
Napa,1301,0.0046771,0.0179852,0.0025219,0.0000003,0.0000024,0
Napa,1302,0.0046771,0.0179852,0,0,0,0.0000085
Napa,1303,0.0046771,0.0179852,0,0,0,0
Napa,1304,0.0046771,0.0179852,0,0,0,0.0000107
Napa,1305,0.0046771,0.0179852,0,0,0,0.0000461
Napa,1306,0.0046771,0.0179852,0.0000898,0,0,0.0000371
Napa,1307,0.0046771,0.0179852,0,0,0,0.0000197
Napa,1308,0.0046771,0.0073013,0,0,0,0.0000099
Napa,1309,0.0046771,0.0179852,0,0.000141,0,0.0000092
Napa,1310,0.0046771,0.0129676,0.0000898,0,0,0.0000037
Napa,1311,0.0046771,0.0073013,0.0002245,0.0000017,0,0.0000078
Napa,1312,0.0046771,0.0073013,0,0.0000021,0,0.000002
Napa,1313,0.0046771,0.0073013,0.0002993,0.0000014,0,0.0000021
Napa,1314,0.0046771,0.0199518,0,0,0,0.0000164
Napa,1315,0.0046771,0.0073013,0.0002919,0.0000268,0,0
Napa,1316,0.0046771,0.0073013,0,0.0000021,0,0
Napa,1317,0.0046771,0.0404297,0,0,0,0.0000292
Sonoma,1318,0.004025,0.0129257,0,0.000001,0,0.0000121
Sonoma,1319,0.004025,0.0129257,0,0,0,0.0000116
Sonoma,1320,0.004025,0.0140294,0.0000021,0.0000007,0,0
Sonoma,1321,0.004025,0.0129257,0,0.0000226,0,0.000025
Sonoma,1322,0.004025,0.0129257,0,0.0000032,0,0
Sonoma,1323,0.004025,0.0140294,0.0000792,0,0,0.0000258
Sonoma,1324,0.004025,0.0129257,0.0000146,0,0,0
Sonoma,1325,0.004025,0.0201808,0,0,0.0000003,0.0000042
Sonoma,1326,0.004025,0.0201808,0.0000125,0,0,0.0000041
Sonoma,1327,0.004025,0.0201808,0,0,0,0.000036
Sonoma,1328,0.004025,0.0259057,0,0,0.000141,0.0000188
Sonoma,1329,0.004025,0.0201808,0,0.0000008,0,0.0000056
Sonoma,1330,0.004025,0.0201808,0,0,0,0.0000048
Sonoma,1331,0.004025,0.0201808,0,0.0000006,0,0.0000059
Sonoma,1332,0.004025,0.0201808,0.0000021,0,0,0.000013
Sonoma,1333,0.004025,0.0201808,0,0,0,0.0000087
Sonoma,1334,0.004025,0.0201808,0,0.0000073,0,0.0000393
Sonoma,1335,0.004025,0.0201808,0,0,0.0000007,0.0000142
Sonoma,1336,0.004025,0.0201808,0,0,0.0000018,0.0000444
Sonoma,1337,0.004025,0.0843919,0.0000063,0.0000141,0,0.0000815
Sonoma,1338,0.004025,0,0.0000417,0,0,0
Sonoma,1339,0.004025,0,0,0,0,0
Sonoma,1340,0.004025,0.0085062,0,0,0,0
Sonoma,1341,0.004025,0.0085062,0,0,0,0
Sonoma,1342,0.004025,0.0085062,0,0,0,0.0000186
Sonoma,1343,0.004025,0.0085062,0,0,0,0.0000148
Sonoma,1344,0.004025,0.0085062,0,0,0.0000013,0.0000085
Sonoma,1345,0.004025,0.0085062,0,0,0,0
Sonoma,1346,0.004025,0.0085062,0,0,0,0
Sonoma,1347,0.004025,0.0085062,0,0,0,0.0000071
Sonoma,1348,0.004025,0.0176886,0,0,0.0000004,0
Sonoma,1349,0.004025,0.0176886,0,0,0,0.0000099
Sonoma,1350,0.004025,0.0176886,0,0,0,0.0000149
Sonoma,1351,0.004025,0.0176886,0,0,0,0.0000056
Sonoma,1352,0.004025,0.0176886,0.0000125,0,0,0
Sonoma,1353,0.004025,0.0176886,0.0000208,0,0,0
Sonoma,1354,0.004025,0.0176886,0.0000021,0,0,0
Sonoma,1355,0.004025,0.0176886,0,0,0,0.00001
Sonoma,1356,0.004025,0.0176886,0,0,0,0
Sonoma,1357,0.004025,0.0176886,0,0,0,0
Sonoma,1358,0.004025,0.0176886,0,0,0,0.0000353
Sonoma,1359,0.004025,0.0176886,0,0.0000011,0,0.000001
Sonoma,1360,0.004025,0.0176886,0,0,0,0.0000071
Sonoma,1361,0.004025,0.0176886,0.0000729,0.0000192,0.0000052,0.0000085
Sonoma,1362,0.004025,0.0176886,0,0,0.0000007,0.0000056
Sonoma,1363,0.004025,0.0176886,0.0046646,0.0000233,0,0.0002732
Sonoma,1364,0.004025,0.0176886,0,0,0,0
Sonoma,1365,0.004025,0.0176886,0.0002396,0.0000016,0,0
Sonoma,1366,0.004025,0.0176886,0.0000563,0,0,0
Sonoma,1367,0.004025,0.0233741,0,0,0,0.0000071
Sonoma,1368,0.004025,0.0233741,0.0001563,0.0000155,0.0000028,0.0000267
Sonoma,1369,0.004025,0.0176886,0,0.0000035,0,0.000011
Sonoma,1370,0.004025,0.0176886,0,0,0,0.0000197
Sonoma,1371,0.004025,0.0176886,0,0,0,0.0000197
Sonoma,1372,0.004025,0.0176886,0,0,0,0.0000071
Sonoma,1373,0.004025,0.0176886,0.0000375,0,0,0.0000018
Sonoma,1374,0.004025,0.0176886,0.0002854,0,0.0000062,0.0000068
Sonoma,1375,0.004025,0.0176886,0,0.0000063,0,0
Sonoma,1376,0.004025,0.0176886,0,0,0,0
Sonoma,1377,0.004025,0.0176886,0,0,0,0.0000063
Sonoma,1378,0.004025,0.0176886,0.0000833,0,0,0.0000127
Sonoma,1379,0.004025,0.0176886,0,0,0,0
Sonoma,1380,0.004025,0.0176886,0.0000333,0,0,0.0000076
Sonoma,1381,0.004025,0.0176886,0.0000021,0.0000007,0,0.0000223
Sonoma,1382,0.004025,0.0176886,0,0,0,0.0000065
Sonoma,1383,0.004025,0.0129275,0,0,0,0.0000063
Sonoma,1384,0.004025,0.0264129,0,0,0,0.0000395
Sonoma,1385,0.004025,0.0264129,0,0,0,0.0000056
Sonoma,1386,0.004025,0.0264129,0.0004167,0,0,0.0000063
Sonoma,1387,0.004025,0.0129275,0,0,0,0.0000004
Sonoma,1388,0.004025,0.0129275,0,0,0,0.0000175
Sonoma,1389,0.004025,0.0179595,0.0000646,0.0000017,0.0000038,0.0000137
Sonoma,1390,0.004025,0.0140105,0.000025,0.000001,0,0.0000071
Sonoma,1391,0.004025,0.0140105,0,0.0000007,0,0.0000099
Sonoma,1392,0.004025,0.0140105,0,0,0,0
Sonoma,1393,0.004025,0.0140105,0,0.0000018,0,0.0000124
Sonoma,1394,0.004025,0.0103817,0.0000688,0,0,0.0000127
Sonoma,1395,0.004025,0.0103817,0,0,0,0.0000087
Sonoma,1396,0.004025,0.0103817,0.00005,0,0,0.0000204
Sonoma,1397,0.004025,0.0241055,0,0.0000021,0,0
Sonoma,1398,0.004025,0.0241055,0,0,0,0.0000223
Sonoma,1399,0.004025,0.0241055,0,0.000001,0,0.0000228
Sonoma,1400,0.004025,0.0096265,0,0,0,0.0000035
Sonoma,1401,0.004025,0.0571199,0,0,0,0.00003
Sonoma,1402,0.004025,0.0167462,0,0.0000021,0.0000006,0.0000233
Sonoma,1403,0.004025,0.0179595,0.0000188,0.0000149,0,0.0000062
Marin,1404,0.0079233,0.0128194,0,0,0,0
Marin,1405,0.0079233,0.0128194,0,0,0,0.0000071
Marin,1406,0.0079233,0.0099649,0.0003251,0,0,0
Marin,1407,0.0079233,0.0128194,0,0,0,0.0000114
Marin,1408,0.0079233,0.0128194,0,0,0,0.0000071
Marin,1409,0.0079233,0.0128194,0,0,0.0000001,0.0000268
Marin,1410,0.0079233,0.0128194,0,0,0,0.0000078
Marin,1411,0.0079233,0.0128194,0,0,0,0.0000144
Marin,1412,0.0079233,0.0128194,0.0000528,0,0,0.0000142
Marin,1413,0.0079233,0.0128194,0,0.0000071,0,0
Marin,1414,0.0079233,0.0128194,0,0,0,0.0000142
Marin,1415,0.0079233,0.0099649,0.0000975,0,0.0000145,0.0000214
Marin,1416,0.0079233,0.0099649,0,0.0000003,0.0000083,0.0000056
Marin,1417,0.0079233,0.0110981,0,0,0,0
Marin,1418,0.0079233,0.0099649,0.0003576,0.0000021,0,0.000009
Marin,1419,0.0079233,0.0110981,0,0,0,0.0000134
Marin,1420,0.0079233,0.0132209,0,0,0,0.0000099
Marin,1421,0.0079233,0.0151076,0.0003779,0,0,0.0000269
Marin,1422,0.0079233,0.0151076,0,0,0.0000025,0.0000508
Marin,1423,0.0079233,0.0099649,0.0003251,0,0,0.0000063
Marin,1424,0.0079233,0.0151076,0.0015928,0,0.0000004,0
Marin,1425,0.0079233,0.0151076,0.0130836,0.0000247,0.0000042,0.0000007
Marin,1426,0.0079233,0.0151076,0,0,0,0.0000099
Marin,1427,0.0079233,0.0151076,0,0.0000003,0,0.0000193
Marin,1428,0.0079233,0.0151076,0,0,0,0.0000063
Marin,1429,0.0079233,0.0151076,0,0,0,0.0000162
Marin,1430,0.0079233,0.0151076,0.0000203,0,0.000001,0
Marin,1431,0.0079233,0.0151076,0,0,0,0.0000042
Marin,1432,0.0079233,0.0132209,0,0,0,0.0000037
Marin,1433,0.0079233,0.0132209,0,0,0,0.0000141
Marin,1434,0.0079233,0.0110981,0,0,0,0
Marin,1435,0.0079233,0.0207727,0,0,0,0.0000071
Marin,1436,0.0079233,0.0099649,0.0000488,0,0,0
Marin,1437,0.0079233,0.0103289,0.0004063,0.0000014,0,0
Marin,1438,0.0079233,0.0069599,0,0.0000111,0,0
Marin,1439,0.0079233,0.0103289,0,0,0,0
Marin,1440,0.0079233,0.0103289,0.0000122,0,0,0.0000183
Marin,1441,0.0079233,0.0069599,0,0.0000007,0,0.0000106
Marin,1442,0.0079233,0.0113856,0,0,0,0.0000032
Marin,1443,0.0079233,0.0113856,0,0,0,0.000024
Marin,1444,0.0079233,0.0099649,0,0,0,0
Marin,1445,0.0079233,0.0080652,0,0,0,0.0000042
Marin,1446,0.0079233,0.0080652,0,0,0,0.0000083
Marin,1447,0.0079233,0,0,0,0,0
Marin,1448,0.0079233,0.0098116,0,0,0,0.0000106
Marin,1449,0.0079233,0.0099649,0.0000935,0,0,0.0000007
Marin,1450,0.0079233,0.0099649,0,0,0,0.0000047
Marin,1451,0.0079233,0.0113856,0,0,0,0
Marin,1452,0.0079233,0.0113856,0.0000609,0,0,0.0000035
Marin,1453,0.0079233,0.0099649,0.0000122,0.0000014,0.0000065,0
Marin,1454,0.0079233,0.0099649,0.0000163,0,0.0000007,0.0000042
