zone_id,gqpop10,gqpop15,gqpop20,gqpop25,gqpop30,gqpop35,gqpop40,zonal_emp_sh_resid10,sh_age0004,sh_age0519,sh_age2044,sh_age4564,sh_age65up,sh_62plus
1,8,8,9,9,10,10,11,-0.0924,0.039,0.078,0.364,0.325,0.195,0.238
2,25,26,28,30,31,33,35,-0.0941,0.032,0.077,0.363,0.327,0.202,0.238
3,46,49,51,54,57,61,64,-0.0935,0.033,0.077,0.361,0.327,0.201,0.238
4,13,14,14,15,16,17,18,-0.0888,0.031,0.078,0.364,0.326,0.202,0.238
5,90,95,101,106,113,119,126,-0.0942,0.033,0.078,0.360,0.327,0.201,0.238
6,616,651,689,729,771,815,862,-0.0417,0.019,0.056,0.574,0.234,0.116,0.142
7,445,471,498,526,556,588,622,-0.0016,0.028,0.069,0.437,0.310,0.157,0.191
8,2214,2341,2476,2619,2769,2929,3097,-0.2324,0.038,0.086,0.310,0.355,0.211,0.250
9,640,677,716,757,800,846,895,-0.0840,0.040,0.100,0.469,0.257,0.135,0.163
10,97,103,109,115,122,129,136,-0.0062,0.028,0.087,0.428,0.347,0.110,0.148
11,156,165,174,184,195,206,218,-0.0061,0.028,0.087,0.428,0.347,0.110,0.148
12,9,10,10,11,12,12,13,0.1474,0.008,0.012,0.587,0.340,0.054,0.090
13,9,10,10,11,12,12,13,0.1469,0.008,0.012,0.586,0.340,0.055,0.090
14,6,6,7,7,7,8,8,0.1498,0.011,0.011,0.585,0.340,0.053,0.090
15,45,48,50,53,56,60,63,0.1467,0.008,0.013,0.585,0.340,0.054,0.090
16,122,129,137,144,153,162,171,0.1955,0.021,0.027,0.645,0.261,0.047,0.076
17,394,417,441,466,493,521,551,0.1953,0.021,0.027,0.645,0.261,0.047,0.076
18,344,364,385,407,430,455,481,0.0734,0.017,0.066,0.670,0.216,0.032,0.056
19,1429,1511,1598,1690,1787,1890,1999,0.0731,0.017,0.066,0.669,0.216,0.032,0.056
20,326,345,365,386,408,431,456,-0.0893,0.021,0.054,0.322,0.235,0.368,0.394
21,388,410,434,459,485,513,543,-0.0894,0.021,0.054,0.322,0.235,0.368,0.394
22,18,19,20,21,22,24,25,0.0479,0.015,0.020,0.264,0.431,0.270,0.317
23,6,6,7,7,7,8,8,0.0484,0.015,0.020,0.264,0.431,0.270,0.317
24,7,7,8,8,9,9,10,-0.1877,0.031,0.046,0.209,0.387,0.326,0.369
25,6,6,7,7,7,8,8,-0.2090,0.033,0.121,0.187,0.281,0.379,0.410
26,13,14,14,15,16,17,18,-0.1209,0.031,0.107,0.252,0.293,0.316,0.349
27,0,0,0,0,0,0,0,-0.0749,0.031,0.108,0.242,0.283,0.337,0.369
28,2,2,2,2,3,3,3,0.1218,0.032,0.047,0.385,0.302,0.235,0.269
29,329,348,368,389,411,435,460,0.0536,0.020,0.042,0.503,0.283,0.152,0.184
30,529,559,592,626,662,700,740,-0.0046,0.044,0.090,0.497,0.259,0.110,0.139
31,81,86,91,96,101,107,113,0.0358,0.032,0.061,0.508,0.257,0.143,0.171
32,23,24,26,27,29,30,32,0.1302,0.023,0.070,0.460,0.265,0.183,0.212
33,10,11,11,12,13,13,14,0.0777,0.029,0.078,0.455,0.261,0.177,0.206
34,1,1,1,1,1,1,1,0.1457,0.022,0.037,0.507,0.241,0.193,0.220
35,0,0,0,0,0,0,0,0.0772,0.034,0.090,0.401,0.270,0.206,0.236
36,0,0,0,0,0,0,0,-0.1379,0.033,0.090,0.247,0.280,0.349,0.380
37,1,1,1,1,1,1,1,0.0403,0.033,0.095,0.376,0.307,0.189,0.223
38,14,15,16,17,18,19,20,0.1253,0.037,0.063,0.425,0.309,0.166,0.201
39,0,0,0,0,0,0,0,0.0436,0.038,0.068,0.408,0.279,0.207,0.238
40,5,5,6,6,6,7,7,0.1312,0.027,0.030,0.477,0.281,0.185,0.217
41,14,15,16,17,18,19,20,0.0160,0.025,0.067,0.444,0.254,0.209,0.237
42,699,739,782,827,874,925,978,-0.0055,0.037,0.141,0.709,0.105,0.007,0.019
43,16,17,18,19,20,21,22,0.1534,0.036,0.029,0.557,0.218,0.160,0.184
44,81,86,91,96,101,107,113,0.1670,0.022,0.029,0.592,0.203,0.154,0.176
45,0,0,0,0,0,0,0,0.2088,0.032,0.034,0.550,0.249,0.134,0.162
46,109,115,122,129,136,144,152,0.1587,0.025,0.037,0.522,0.265,0.151,0.181
47,30,32,34,35,38,40,42,0.1385,0.037,0.036,0.489,0.286,0.152,0.184
48,44,47,49,52,55,59,62,0.1619,0.042,0.051,0.522,0.268,0.117,0.147
49,28,30,31,33,35,37,39,0.1778,0.052,0.079,0.397,0.322,0.150,0.186
50,3,3,3,3,4,4,4,0.2163,0.045,0.055,0.479,0.258,0.163,0.192
51,10,11,11,12,13,13,14,0.1558,0.048,0.034,0.543,0.223,0.153,0.178
52,9,10,10,11,12,12,13,0.1137,0.083,0.119,0.675,0.113,0.010,0.022
53,125,132,140,148,156,165,175,-0.1912,0.012,0.024,0.694,0.259,0.012,0.043
54,78,82,87,92,97,103,109,0.0481,0.039,0.113,0.363,0.293,0.193,0.225
55,0,0,0,0,0,0,0,0.0051,0.048,0.114,0.351,0.306,0.182,0.215
56,190,201,213,225,238,251,266,0.1318,0.016,0.060,0.210,0.295,0.420,0.452
57,0,0,0,0,0,0,0,0.1165,0.079,0.149,0.237,0.336,0.198,0.235
58,30,32,34,35,38,40,42,0.0381,0.038,0.121,0.389,0.278,0.175,0.206
59,76,80,85,90,95,100,106,0.0382,0.041,0.118,0.357,0.291,0.193,0.225
60,1,1,1,1,1,1,1,0.0504,0.046,0.114,0.378,0.269,0.192,0.222
61,3,3,3,3,4,4,4,0.0230,0.043,0.117,0.380,0.261,0.199,0.228
62,7,7,8,8,9,9,10,0.0523,0.049,0.111,0.392,0.284,0.163,0.195
63,7,7,8,8,9,9,10,0.0477,0.049,0.112,0.377,0.285,0.177,0.209
64,10,11,11,12,13,13,14,0.0375,0.043,0.121,0.402,0.264,0.170,0.199
65,26,27,29,31,32,34,36,0.0659,0.055,0.102,0.427,0.267,0.149,0.179
66,82,87,92,97,103,109,115,0.0526,0.043,0.108,0.425,0.262,0.163,0.192
67,9,10,10,11,12,12,13,0.0612,0.044,0.113,0.437,0.262,0.145,0.174
68,11,12,12,13,14,14,15,0.1074,0.036,0.079,0.506,0.241,0.137,0.164
69,2412,2551,2698,2853,3017,3190,3374,0.0296,0.029,0.182,0.500,0.175,0.114,0.134
70,9,10,10,11,12,12,13,0.1271,0.048,0.079,0.468,0.247,0.159,0.186
71,255,270,285,302,319,338,357,0.1375,0.056,0.111,0.358,0.301,0.174,0.208
72,146,154,163,173,182,193,204,0.1555,0.026,0.050,0.481,0.238,0.205,0.232
73,90,95,101,106,113,119,126,0.0966,0.021,0.035,0.465,0.251,0.227,0.255
74,149,158,167,176,186,197,208,-0.1003,0.029,0.064,0.349,0.182,0.377,0.397
75,138,146,154,163,173,183,193,0.0268,0.016,0.024,0.405,0.223,0.332,0.357
76,12,13,13,14,15,16,17,0.0009,0.019,0.032,0.440,0.289,0.220,0.252
77,85,90,95,101,106,113,119,-0.0221,0.041,0.095,0.409,0.238,0.217,0.243
78,11,12,12,13,14,14,15,-0.1538,0.050,0.139,0.309,0.218,0.284,0.309
79,39,41,44,46,49,52,55,0.1274,0.025,0.079,0.566,0.257,0.074,0.102
80,80,85,89,95,100,106,112,0.0663,0.043,0.107,0.570,0.207,0.072,0.096
81,233,246,261,276,291,308,326,0.1523,0.029,0.068,0.607,0.231,0.064,0.090
82,17,18,19,20,21,23,24,0.1495,0.021,0.031,0.602,0.251,0.095,0.123
83,0,0,0,0,0,0,0,0.1608,0.024,0.029,0.465,0.359,0.123,0.163
84,87,92,97,103,109,115,122,0.1736,0.026,0.059,0.636,0.226,0.053,0.078
85,218,231,244,258,273,288,305,0.0975,0.021,0.049,0.626,0.178,0.126,0.146
86,164,173,183,194,205,217,229,0.0613,0.041,0.117,0.512,0.241,0.088,0.115
87,346,366,387,409,433,458,484,0.1003,0.033,0.050,0.562,0.212,0.142,0.166
88,71,75,79,84,89,94,99,0.2358,0.030,0.040,0.677,0.213,0.040,0.064
89,108,114,121,128,135,143,151,0.1946,0.042,0.067,0.559,0.261,0.071,0.100
90,121,128,135,143,151,160,169,0.1311,0.037,0.072,0.590,0.233,0.069,0.095
91,358,379,400,424,448,474,501,0.0415,0.063,0.089,0.443,0.260,0.145,0.174
92,891,942,996,1054,1114,1178,1246,-0.1556,0.031,0.089,0.191,0.263,0.426,0.456
93,1,1,1,1,1,1,1,0.1720,0.020,0.031,0.526,0.327,0.096,0.133
94,100,106,112,118,125,132,140,0.1513,0.022,0.031,0.515,0.336,0.096,0.134
95,15,16,17,18,19,20,21,0.1313,0.048,0.074,0.460,0.322,0.096,0.132
96,1,1,1,1,1,1,1,0.1573,0.054,0.080,0.481,0.295,0.091,0.123
97,1,1,1,1,1,1,1,0.1495,0.053,0.069,0.503,0.284,0.091,0.122
98,1,1,1,1,1,1,1,0.0978,0.047,0.071,0.501,0.292,0.090,0.122
99,171,181,191,202,214,226,239,0.1197,0.046,0.077,0.553,0.235,0.088,0.114
100,66,70,74,78,82,87,92,0.0954,0.059,0.135,0.488,0.212,0.105,0.129
101,132,140,148,156,165,175,185,0.0810,0.064,0.153,0.488,0.193,0.101,0.122
102,45,48,50,53,56,60,63,0.1604,0.031,0.067,0.567,0.238,0.097,0.123
103,7,7,8,8,9,9,10,0.1913,0.026,0.033,0.552,0.290,0.099,0.131
104,24,25,27,29,30,32,34,0.1877,0.018,0.041,0.586,0.275,0.080,0.111
105,89,94,99,105,111,117,124,0.0675,0.038,0.093,0.516,0.237,0.116,0.142
106,284,300,318,336,355,375,397,0.0119,0.064,0.147,0.440,0.240,0.109,0.135
107,277,293,310,327,346,366,387,0.0073,0.046,0.128,0.516,0.231,0.079,0.105
108,110,116,123,130,138,146,154,0.2298,0.030,0.095,0.479,0.257,0.139,0.167
109,805,851,900,952,1007,1065,1126,0.2300,0.031,0.095,0.479,0.257,0.139,0.167
110,160,169,179,189,200,212,224,0.2310,0.030,0.094,0.480,0.257,0.139,0.167
111,40,42,45,47,50,53,56,0.3231,0.041,0.042,0.588,0.267,0.062,0.092
112,47,50,53,56,59,62,66,0.1411,0.041,0.051,0.514,0.283,0.111,0.143
113,5,5,6,6,6,7,7,0.0394,0.088,0.165,0.432,0.244,0.070,0.097
114,7,7,8,8,9,9,10,0.1681,0.038,0.059,0.476,0.312,0.115,0.150
115,476,503,532,563,595,630,666,-0.1270,0.050,0.138,0.424,0.283,0.105,0.136
116,67,71,75,79,84,89,94,0.1221,0.080,0.159,0.485,0.211,0.065,0.089
117,55,58,62,65,69,73,77,0.0041,0.081,0.180,0.457,0.202,0.080,0.103
118,32,34,36,38,40,43,45,0.0727,0.084,0.175,0.483,0.191,0.067,0.089
119,68,72,76,80,85,90,95,-0.0117,0.079,0.182,0.436,0.214,0.089,0.113
120,42,44,47,50,53,56,59,0.0574,0.077,0.188,0.450,0.201,0.084,0.106
121,65,69,73,77,81,86,91,0.0743,0.049,0.112,0.402,0.306,0.130,0.164
122,210,222,235,248,263,278,294,0.0771,0.062,0.125,0.422,0.281,0.109,0.141
123,133,141,149,157,166,176,186,0.0565,0.064,0.117,0.445,0.267,0.108,0.138
124,16,17,18,19,20,21,22,0.0459,0.066,0.164,0.420,0.251,0.100,0.127
125,7,7,8,8,9,9,10,0.0594,0.065,0.157,0.355,0.284,0.140,0.171
126,16,17,18,19,20,21,22,-0.0665,0.077,0.175,0.366,0.256,0.126,0.154
127,26,27,29,31,32,34,36,0.1167,0.055,0.097,0.427,0.314,0.107,0.142
128,46,49,51,54,57,61,64,0.1135,0.051,0.089,0.488,0.265,0.106,0.136
129,0,0,0,0,0,0,0,0.1146,0.041,0.075,0.392,0.340,0.152,0.190
130,1,1,1,1,1,1,1,0.0424,0.048,0.115,0.315,0.364,0.158,0.198
131,0,0,0,0,0,0,0,0.0455,0.052,0.113,0.280,0.360,0.196,0.236
132,3,3,3,3,4,4,4,0.0408,0.059,0.145,0.303,0.326,0.167,0.204
133,2,2,2,2,3,3,3,0.0363,0.053,0.127,0.362,0.320,0.137,0.173
134,64,68,72,76,80,85,90,-0.0709,0.063,0.155,0.337,0.286,0.159,0.191
135,6,6,7,7,7,8,8,-0.0845,0.065,0.193,0.350,0.252,0.140,0.168
136,415,439,464,491,519,549,580,-0.0972,0.062,0.140,0.293,0.240,0.265,0.291
137,7,7,8,8,9,9,10,-0.0552,0.062,0.166,0.328,0.279,0.164,0.195
138,75,79,84,89,94,99,105,-0.1018,0.071,0.174,0.331,0.262,0.162,0.191
139,35,37,39,41,44,46,49,-0.1445,0.059,0.197,0.309,0.275,0.161,0.191
140,1,1,1,1,1,1,1,-0.1053,0.071,0.211,0.305,0.259,0.155,0.184
141,68,72,76,80,85,90,95,-0.2241,0.076,0.252,0.325,0.222,0.124,0.149
142,63,67,70,74,79,83,88,-0.1598,0.020,0.074,0.494,0.369,0.043,0.086
143,105,111,117,124,131,139,147,-0.1828,0.078,0.228,0.310,0.250,0.133,0.162
144,6,6,7,7,7,8,8,-0.1794,0.086,0.277,0.294,0.242,0.100,0.127
145,18,19,20,21,22,24,25,-0.2803,0.127,0.356,0.298,0.169,0.050,0.069
146,0,0,0,0,0,0,0,-0.0173,0.069,0.287,0.325,0.278,0.041,0.073
147,113,119,126,134,141,149,158,-0.1899,0.086,0.238,0.314,0.232,0.130,0.156
148,0,0,0,0,0,0,0,-0.1878,0.097,0.274,0.315,0.191,0.123,0.144
149,7,7,8,8,9,9,10,0.0023,0.050,0.192,0.340,0.279,0.139,0.170
150,0,0,0,0,0,0,0,-0.1412,0.086,0.200,0.362,0.237,0.114,0.141
151,20,21,22,24,25,26,28,-0.0628,0.049,0.185,0.333,0.285,0.148,0.180
152,56,59,63,66,70,74,78,-0.0635,0.064,0.168,0.303,0.277,0.188,0.219
153,10,11,11,12,13,13,14,-0.0283,0.066,0.185,0.331,0.280,0.138,0.169
154,52,55,58,62,65,69,73,-0.0855,0.064,0.177,0.330,0.281,0.149,0.180
155,17,18,19,20,21,23,24,-0.1028,0.059,0.194,0.316,0.269,0.162,0.192
156,6,6,7,7,7,8,8,-0.0602,0.086,0.220,0.353,0.232,0.109,0.135
157,0,0,0,0,0,0,0,-0.2423,0.146,0.293,0.313,0.165,0.082,0.100
158,123,130,138,145,154,163,172,0.0176,0.043,0.276,0.278,0.254,0.149,0.177
159,24,25,27,29,30,32,34,-0.0805,0.073,0.164,0.325,0.271,0.167,0.197
160,0,0,0,0,0,0,0,-0.0713,0.071,0.178,0.338,0.268,0.145,0.175
161,3,3,3,3,4,4,4,-0.0726,0.070,0.186,0.341,0.272,0.132,0.162
162,12,13,13,14,15,16,17,-0.0893,0.066,0.166,0.329,0.279,0.160,0.191
163,71,75,79,84,89,94,99,-0.1067,0.072,0.176,0.321,0.259,0.173,0.201
164,66,70,74,78,82,87,92,-0.0478,0.064,0.168,0.338,0.274,0.156,0.186
165,12,13,13,14,15,16,17,-0.0552,0.058,0.143,0.334,0.279,0.186,0.217
166,94,99,105,111,117,124,131,-0.0599,0.066,0.161,0.350,0.273,0.150,0.180
167,83,88,93,98,104,110,116,-0.1081,0.071,0.192,0.339,0.259,0.139,0.168
168,18,19,20,21,22,24,25,-0.0657,0.056,0.161,0.323,0.293,0.166,0.199
169,16,17,18,19,20,21,22,0.0246,0.052,0.166,0.239,0.340,0.202,0.240
170,97,103,109,115,122,129,136,0.0154,0.055,0.140,0.264,0.323,0.218,0.253
171,7,7,8,8,9,9,10,0.0574,0.063,0.131,0.290,0.324,0.192,0.228
172,0,0,0,0,0,0,0,0.0364,0.053,0.154,0.281,0.331,0.181,0.218
173,0,0,0,0,0,0,0,-0.0221,0.052,0.140,0.301,0.307,0.200,0.234
174,69,73,77,82,87,92,97,0.0427,0.043,0.107,0.390,0.281,0.179,0.210
175,31,33,35,37,39,41,43,0.1079,0.043,0.079,0.550,0.217,0.111,0.135
176,3,3,3,3,4,4,4,0.0360,0.046,0.089,0.444,0.266,0.155,0.185
177,41,43,46,48,51,54,57,0.0360,0.042,0.126,0.385,0.278,0.168,0.199
178,9,10,10,11,12,12,13,0.0080,0.050,0.129,0.339,0.288,0.194,0.225
179,8,8,9,9,10,10,11,0.0153,0.050,0.132,0.347,0.276,0.196,0.226
180,32,34,36,38,40,43,45,0.0302,0.042,0.116,0.428,0.294,0.120,0.152
181,5,5,6,6,6,7,7,0.0069,0.050,0.135,0.374,0.281,0.161,0.192
182,5,5,6,6,6,7,7,-0.0303,0.042,0.148,0.340,0.292,0.177,0.209
183,20,21,22,24,25,26,28,-0.0332,0.047,0.142,0.317,0.283,0.211,0.242
184,27,29,30,32,34,36,38,-0.0449,0.053,0.132,0.311,0.294,0.211,0.243
185,141,149,158,167,176,186,197,-0.0116,0.048,0.121,0.356,0.271,0.203,0.233
186,76,80,85,90,95,100,106,-0.0298,0.051,0.142,0.311,0.290,0.205,0.237
187,13,14,14,15,16,17,18,-0.0889,0.042,0.140,0.240,0.289,0.288,0.320
188,2153,2277,2408,2546,2692,2847,3011,-0.1580,0.018,0.270,0.504,0.091,0.117,0.127
189,0,0,0,0,0,0,0,-0.0714,0.060,0.122,0.426,0.232,0.159,0.185
190,5,5,6,6,6,7,7,0.1209,0.030,0.068,0.480,0.275,0.147,0.178
191,0,0,0,0,0,0,0,-0.0544,0.047,0.152,0.286,0.277,0.239,0.271
192,4,4,5,5,5,6,6,-0.0468,0.058,0.159,0.460,0.216,0.107,0.132
193,140,148,157,166,175,185,196,-0.0383,0.062,0.203,0.332,0.263,0.140,0.170
194,87,92,97,103,109,115,122,-0.0284,0.045,0.173,0.310,0.286,0.186,0.219
195,7,7,8,8,9,9,10,-0.0296,0.046,0.159,0.312,0.283,0.200,0.233
196,27,29,30,32,34,36,38,-0.0152,0.053,0.205,0.326,0.288,0.127,0.161
197,18,19,20,21,22,24,25,0.0682,0.046,0.181,0.309,0.290,0.174,0.208
198,317,335,354,375,396,419,443,-0.0703,0.066,0.173,0.403,0.193,0.165,0.188
199,0,0,0,0,0,0,0,0.0763,0.054,0.139,0.416,0.304,0.087,0.122
200,30,32,34,35,38,40,42,-0.0400,0.039,0.161,0.271,0.276,0.253,0.285
201,19,20,21,23,24,25,27,-0.0310,0.070,0.203,0.366,0.237,0.124,0.151
202,15,16,17,18,19,20,21,-0.0077,0.062,0.190,0.343,0.278,0.128,0.160
203,0,0,0,0,0,0,0,-0.0341,0.058,0.201,0.371,0.252,0.118,0.148
204,114,120,127,135,142,150,159,-0.0221,0.056,0.204,0.355,0.259,0.126,0.156
205,16,17,18,19,20,21,22,-0.0005,0.054,0.196,0.349,0.267,0.134,0.165
206,0,0,0,0,0,0,0,0.0085,0.050,0.181,0.340,0.279,0.150,0.182
207,3,3,3,3,4,4,4,-0.0877,0.055,0.237,0.309,0.259,0.140,0.170
208,16,17,18,19,20,21,22,0.0157,0.042,0.146,0.356,0.362,0.095,0.137
209,18,19,20,21,22,24,25,-0.0281,0.055,0.183,0.333,0.275,0.154,0.186
210,23,24,26,27,29,30,32,-0.0745,0.085,0.244,0.399,0.197,0.074,0.097
211,89,94,99,105,111,117,124,-0.0562,0.080,0.214,0.404,0.196,0.106,0.128
212,86,91,96,102,107,114,120,-0.0570,0.062,0.216,0.330,0.262,0.129,0.160
213,42,44,47,50,53,56,59,-0.0659,0.041,0.164,0.281,0.252,0.262,0.291
214,77,81,86,91,96,102,108,-0.0746,0.058,0.184,0.287,0.264,0.207,0.238
215,13,14,14,15,16,17,18,-0.0286,0.058,0.191,0.352,0.254,0.145,0.175
216,6,6,7,7,7,8,8,-0.0288,0.058,0.191,0.352,0.254,0.145,0.175
217,111,117,124,131,139,147,155,-0.0579,0.050,0.205,0.307,0.275,0.163,0.195
218,13,14,14,15,16,17,18,0.0755,0.052,0.177,0.330,0.312,0.130,0.166
219,7,7,8,8,9,9,10,0.0252,0.046,0.188,0.306,0.327,0.133,0.171
220,22,23,25,26,28,29,31,-0.0013,0.059,0.196,0.399,0.269,0.077,0.108
221,0,0,0,0,0,0,0,0.0327,0.051,0.194,0.337,0.308,0.109,0.145
222,69,73,77,82,87,92,97,0.0429,0.047,0.167,0.396,0.289,0.101,0.134
223,32,34,36,38,40,43,45,0.0689,0.048,0.153,0.368,0.326,0.105,0.143
224,3,3,3,3,4,4,4,0.0366,0.049,0.179,0.301,0.346,0.126,0.166
225,51,54,57,60,64,67,71,0.0155,0.051,0.209,0.317,0.283,0.141,0.174
226,6,6,7,7,7,8,8,0.0318,0.055,0.211,0.282,0.309,0.143,0.179
227,0,0,0,0,0,0,0,0.0836,0.046,0.193,0.268,0.369,0.123,0.166
228,6,6,7,7,7,8,8,0.0961,0.077,0.128,0.231,0.538,0.026,0.087
229,17,18,19,20,21,23,24,0.0146,0.054,0.189,0.380,0.290,0.087,0.121
230,3,3,3,3,4,4,4,0.0376,0.056,0.214,0.330,0.293,0.106,0.140
231,129,136,144,152,161,170,180,0.0141,0.046,0.184,0.294,0.326,0.151,0.189
232,213,225,238,252,266,282,298,0.0199,0.048,0.199,0.286,0.299,0.168,0.202
233,6,6,7,7,7,8,8,0.0366,0.046,0.141,0.335,0.307,0.171,0.206
234,0,0,0,0,0,0,0,0.0914,0.048,0.104,0.468,0.283,0.096,0.129
235,1,1,1,1,1,1,1,0.0150,0.056,0.188,0.286,0.278,0.191,0.223
236,27,29,30,32,34,36,38,0.0082,0.050,0.168,0.347,0.271,0.165,0.196
237,129,136,144,152,161,170,180,-0.0846,0.070,0.207,0.390,0.233,0.101,0.128
238,0,0,0,0,0,0,0,-0.1008,0.067,0.254,0.369,0.226,0.084,0.110
239,0,0,0,0,0,0,0,0.0000,#DIV/0!,#DIV/0!,#DIV/0!,#DIV/0!,#DIV/0!,0.000
240,244,258,273,288,305,322,341,-0.0566,0.048,0.167,0.356,0.231,0.198,0.225
241,25,26,28,30,31,33,35,-0.0735,0.037,0.162,0.232,0.292,0.276,0.310
242,0,0,0,0,0,0,0,-0.1024,0.033,0.175,0.212,0.304,0.276,0.311
243,14,15,16,17,18,19,20,-0.0545,0.042,0.175,0.247,0.326,0.210,0.248
244,8,8,9,9,10,10,11,-0.1263,0.045,0.181,0.288,0.269,0.217,0.248
245,30,32,34,35,38,40,42,-0.0902,0.034,0.139,0.231,0.301,0.295,0.330
246,350,370,392,414,438,463,490,-0.0779,0.042,0.154,0.241,0.281,0.281,0.314
247,12,13,13,14,15,16,17,-0.0616,0.069,0.177,0.284,0.304,0.166,0.202
248,0,0,0,0,0,0,0,0.0019,0.043,0.138,0.426,0.260,0.132,0.162
249,0,0,0,0,0,0,0,-0.0075,0.061,0.171,0.394,0.256,0.119,0.148
250,66,70,74,78,82,87,92,-0.0047,0.059,0.151,0.352,0.285,0.153,0.186
251,9,10,10,11,12,12,13,0.0529,0.034,0.088,0.447,0.262,0.169,0.200
252,0,0,0,0,0,0,0,0.0368,0.042,0.194,0.185,0.356,0.223,0.265
253,0,0,0,0,0,0,0,0.0715,0.057,0.178,0.249,0.324,0.191,0.229
254,1,1,1,1,1,1,1,0.0586,0.047,0.205,0.184,0.366,0.197,0.240
255,4,4,5,5,5,6,6,-0.0192,0.057,0.186,0.217,0.340,0.200,0.239
256,42,44,47,50,53,56,59,-0.0037,0.033,0.073,0.314,0.259,0.320,0.350
257,179,189,200,212,224,236,250,-0.0880,0.041,0.128,0.342,0.223,0.266,0.292
258,182,193,204,215,228,241,255,-0.0327,0.042,0.101,0.415,0.238,0.204,0.231
259,13,14,14,15,16,17,18,-0.0371,0.058,0.124,0.400,0.236,0.182,0.209
260,118,125,132,140,148,156,165,-0.1025,0.068,0.235,0.412,0.191,0.094,0.117
261,14,15,16,17,18,19,20,-0.0554,0.067,0.206,0.374,0.245,0.107,0.136
262,129,136,144,152,161,170,180,0.0165,0.064,0.214,0.388,0.241,0.094,0.122
263,86,91,96,102,107,114,120,-0.0842,0.063,0.200,0.330,0.255,0.152,0.182
264,95,100,106,112,119,126,133,-0.0217,0.052,0.183,0.305,0.300,0.160,0.195
265,1,1,1,1,1,1,1,0.1364,0.039,0.072,0.433,0.314,0.141,0.178
266,0,0,0,0,0,0,0,0.0627,0.055,0.122,0.416,0.280,0.127,0.160
267,79,83,88,93,99,104,110,0.0092,0.042,0.183,0.280,0.336,0.160,0.199
268,6,6,7,7,7,8,8,0.0210,0.053,0.162,0.326,0.319,0.140,0.177
269,16,17,18,19,20,21,22,0.0142,0.051,0.156,0.376,0.299,0.118,0.153
270,0,0,0,0,0,0,0,0.0896,0.047,0.153,0.395,0.292,0.113,0.147
271,0,0,0,0,0,0,0,0.0687,0.054,0.163,0.261,0.400,0.121,0.168
272,2,2,2,2,3,3,3,-0.0110,0.056,0.199,0.250,0.372,0.124,0.167
273,6,6,7,7,7,8,8,0.0875,0.062,0.194,0.363,0.321,0.060,0.097
274,6,6,7,7,7,8,8,0.0095,0.061,0.156,0.435,0.219,0.129,0.154
275,16,17,18,19,20,21,22,0.0267,0.070,0.165,0.428,0.246,0.091,0.120
276,0,0,0,0,0,0,0,0.0536,0.044,0.143,0.424,0.291,0.098,0.132
277,63,67,70,74,79,83,88,0.0441,0.065,0.178,0.348,0.261,0.148,0.178
278,6,6,7,7,7,8,8,-0.0224,0.049,0.164,0.355,0.253,0.178,0.208
279,50,53,56,59,63,66,70,0.0469,0.063,0.161,0.335,0.260,0.182,0.212
280,14,15,16,17,18,19,20,-0.0040,0.063,0.143,0.335,0.284,0.174,0.207
281,186,197,208,220,233,246,260,-0.0052,0.055,0.131,0.332,0.249,0.232,0.262
282,1,1,1,1,1,1,1,-0.0353,0.047,0.146,0.253,0.279,0.275,0.308
283,59,62,66,70,74,78,83,-0.0333,0.058,0.169,0.251,0.280,0.242,0.275
284,79,83,88,93,99,104,110,-0.0205,0.056,0.146,0.380,0.227,0.191,0.217
285,0,0,0,0,0,0,0,0.0126,0.055,0.132,0.255,0.305,0.252,0.287
286,437,462,489,517,546,578,611,0.0366,0.052,0.154,0.328,0.298,0.167,0.202
287,1,1,1,1,1,1,1,0.0106,0.051,0.152,0.294,0.311,0.192,0.228
288,63,67,70,74,79,83,88,0.0966,0.042,0.118,0.390,0.280,0.170,0.202
289,0,0,0,0,0,0,0,0.0648,0.058,0.154,0.282,0.343,0.163,0.202
290,0,0,0,0,0,0,0,0.0318,0.045,0.118,0.305,0.331,0.200,0.239
291,7,7,8,8,9,9,10,0.0566,0.051,0.150,0.251,0.367,0.181,0.223
292,182,193,204,215,228,241,255,-0.0242,0.045,0.219,0.229,0.327,0.180,0.217
293,120,127,134,142,150,159,168,0.0601,0.056,0.212,0.282,0.370,0.080,0.123
294,14,15,16,17,18,19,20,0.0881,0.059,0.197,0.301,0.360,0.083,0.124
295,22,23,25,26,28,29,31,-0.0136,0.058,0.188,0.387,0.296,0.071,0.105
296,80,85,89,95,100,106,112,0.0047,0.054,0.186,0.283,0.341,0.136,0.175
297,143,151,160,169,179,189,200,0.1340,0.049,0.193,0.329,0.349,0.080,0.121
298,49,52,55,58,62,65,69,0.0944,0.046,0.174,0.185,0.378,0.216,0.260
299,-1,-1,-1,-1,-1,-1,-1,0.1070,0.049,0.170,0.235,0.387,0.159,0.204
300,0,0,0,0,0,0,0,0.0737,0.057,0.174,0.218,0.363,0.189,0.231
301,75,79,84,89,94,99,105,0.0217,0.055,0.147,0.273,0.304,0.221,0.256
302,27,29,30,32,34,36,38,0.0904,0.062,0.161,0.277,0.368,0.132,0.175
303,25,26,28,30,31,33,35,-0.0010,0.043,0.163,0.287,0.313,0.194,0.230
304,123,130,138,145,154,163,172,0.0561,0.059,0.145,0.252,0.371,0.173,0.216
305,0,0,0,0,0,0,0,0.0215,0.055,0.134,0.260,0.343,0.209,0.249
306,0,0,0,0,0,0,0,0.0805,0.059,0.146,0.314,0.341,0.140,0.180
307,2,2,2,2,3,3,3,0.0742,0.070,0.173,0.293,0.326,0.137,0.175
308,25,26,28,30,31,33,35,-0.0070,0.075,0.180,0.278,0.287,0.179,0.213
309,51,54,57,60,64,67,71,0.0498,0.052,0.132,0.356,0.267,0.193,0.224
310,9,10,10,11,12,12,13,0.1095,0.080,0.221,0.405,0.216,0.079,0.104
311,18,19,20,21,22,24,25,0.0517,0.049,0.133,0.344,0.368,0.106,0.149
312,0,0,0,0,0,0,0,0.0713,0.101,0.123,0.466,0.256,0.054,0.084
313,206,218,230,244,258,272,288,-0.0918,0.045,0.133,0.353,0.340,0.129,0.168
314,33,35,37,39,41,44,46,-0.1169,0.085,0.243,0.434,0.161,0.076,0.095
315,948,1003,1060,1121,1186,1254,1326,-0.2174,0.037,0.129,0.508,0.219,0.107,0.132
316,0,0,0,0,0,0,0,-0.0062,0.083,0.196,0.421,0.230,0.069,0.096
317,41,43,46,48,51,54,57,-0.0039,0.047,0.131,0.377,0.290,0.155,0.189
318,0,0,0,0,0,0,0,-0.0240,0.071,0.175,0.279,0.287,0.188,0.221
319,6,6,7,7,7,8,8,0.0094,0.064,0.152,0.279,0.323,0.181,0.218
320,31,33,35,37,39,41,43,-0.0369,0.059,0.174,0.362,0.256,0.149,0.178
321,28,30,31,33,35,37,39,-0.0237,0.063,0.159,0.302,0.277,0.198,0.230
322,19,20,21,23,24,25,27,-0.0141,0.057,0.157,0.302,0.312,0.172,0.208
323,29,31,33,34,37,39,41,-0.0403,0.062,0.176,0.359,0.213,0.191,0.215
324,0,0,0,0,0,0,0,-0.0921,0.088,0.199,0.465,0.179,0.069,0.089
325,55,58,62,65,69,73,77,-0.0322,0.075,0.191,0.432,0.224,0.077,0.104
326,28,30,31,33,35,37,39,-0.1165,0.101,0.242,0.470,0.143,0.044,0.060
327,243,257,272,287,304,321,340,-0.1078,0.088,0.272,0.423,0.167,0.050,0.069
328,0,0,0,0,0,0,0,-0.0106,0.071,0.181,0.380,0.267,0.100,0.131
329,92,97,103,109,115,122,129,-0.1237,0.086,0.265,0.390,0.184,0.075,0.096
330,16,17,18,19,20,21,22,-0.0579,0.090,0.244,0.404,0.196,0.066,0.089
331,11,12,12,13,14,14,15,-0.0889,0.077,0.315,0.355,0.161,0.093,0.111
332,74,78,83,88,93,98,104,-0.1469,0.082,0.315,0.336,0.196,0.070,0.093
333,55,58,62,65,69,73,77,-0.1157,0.089,0.288,0.345,0.191,0.088,0.110
334,19,20,21,23,24,25,27,-0.1514,0.088,0.316,0.354,0.168,0.074,0.093
335,26,27,29,31,32,34,36,-0.0860,0.109,0.239,0.462,0.159,0.031,0.049
336,41,43,46,48,51,54,57,0.0585,0.071,0.133,0.428,0.269,0.099,0.130
337,541,572,605,640,677,716,757,-0.0290,0.064,0.153,0.252,0.343,0.189,0.229
338,62,66,69,73,78,82,87,0.0458,0.073,0.193,0.337,0.282,0.115,0.147
339,0,0,0,0,0,0,0,0.0821,0.053,0.191,0.187,0.352,0.217,0.258
340,42,44,47,50,53,56,59,0.0824,0.045,0.089,0.408,0.233,0.226,0.253
341,114,120,127,135,142,150,159,0.0630,0.042,0.071,0.455,0.216,0.215,0.240
342,385,407,431,456,482,510,539,0.0080,0.039,0.201,0.190,0.333,0.238,0.277
343,2,2,2,2,3,3,3,-0.0202,0.064,0.187,0.220,0.328,0.201,0.239
344,7,7,8,8,9,9,10,0.0447,0.062,0.200,0.211,0.299,0.229,0.264
345,8,8,9,9,10,10,11,0.0318,0.054,0.159,0.266,0.296,0.225,0.260
346,6,6,7,7,7,8,8,-0.0142,0.045,0.096,0.243,0.291,0.325,0.358
347,217,230,243,257,272,287,304,0.0217,0.036,0.165,0.174,0.382,0.243,0.285
348,3,3,3,3,4,4,4,0.0209,0.035,0.163,0.174,0.384,0.244,0.285
349,24,25,27,29,30,32,34,0.0223,0.036,0.164,0.174,0.383,0.243,0.285
350,262,277,293,310,327,346,366,0.0011,0.042,0.143,0.301,0.326,0.188,0.224
351,478,506,535,565,598,633,669,0.0008,0.042,0.143,0.301,0.326,0.188,0.224
352,329,348,368,389,411,435,460,-0.1492,0.007,0.012,0.963,0.018,0.000,0.002
353,2,2,2,2,3,3,3,0.0336,0.082,0.055,0.841,0.020,0.002,0.004
354,2594,2743,2901,3068,3244,3431,3628,-0.4318,0.013,0.020,0.868,0.053,0.046,0.052
355,2543,2689,2844,3008,3181,3364,3557,0.4145,0.007,0.395,0.508,0.047,0.043,0.048
356,298,315,333,353,373,394,417,0.0113,0.028,0.070,0.356,0.256,0.289,0.318
357,5,5,6,6,6,7,7,0.0324,0.050,0.184,0.246,0.364,0.157,0.197
358,13,14,14,15,16,17,18,-0.0301,0.048,0.188,0.198,0.356,0.210,0.249
359,0,0,0,0,0,0,0,0.0400,0.049,0.186,0.237,0.369,0.159,0.200
360,67,71,75,79,84,89,94,-0.0037,0.050,0.191,0.276,0.301,0.183,0.216
361,3,3,3,3,4,4,4,-0.0122,0.057,0.196,0.319,0.285,0.143,0.175
362,7,7,8,8,9,9,10,-0.0405,0.044,0.192,0.212,0.336,0.216,0.254
363,0,0,0,0,0,0,0,-0.0186,0.046,0.188,0.274,0.273,0.219,0.249
364,5,5,6,6,6,7,7,-0.0533,0.034,0.171,0.181,0.309,0.306,0.340
365,0,0,0,0,0,0,0,0.0659,0.048,0.119,0.507,0.243,0.084,0.111
366,10,11,11,12,13,13,14,-0.0218,0.047,0.155,0.367,0.247,0.184,0.211
367,1,1,1,1,1,1,1,-0.0248,0.037,0.197,0.244,0.345,0.177,0.215
368,9,10,10,11,12,12,13,0.0614,0.038,0.190,0.159,0.385,0.227,0.270
369,59,62,66,70,74,78,83,-0.0141,0.044,0.160,0.160,0.332,0.303,0.340
370,1,1,1,1,1,1,1,-0.0425,0.038,0.146,0.206,0.354,0.257,0.296
371,0,0,0,0,0,0,0,-0.0156,0.052,0.181,0.206,0.318,0.242,0.278
372,14,15,16,17,18,19,20,0.0266,0.072,0.172,0.447,0.185,0.123,0.144
373,7,7,8,8,9,9,10,0.0577,0.063,0.136,0.333,0.313,0.155,0.189
374,0,0,0,0,0,0,0,0.0448,0.054,0.146,0.490,0.234,0.076,0.102
375,17,18,19,20,21,23,24,-0.0278,0.043,0.097,0.385,0.232,0.243,0.268
376,15,16,17,18,19,20,21,0.0127,0.049,0.147,0.388,0.276,0.140,0.171
377,2,2,2,2,3,3,3,0.0852,0.049,0.104,0.442,0.288,0.116,0.148
378,27,29,30,32,34,36,38,0.1156,0.056,0.094,0.526,0.239,0.085,0.111
379,26,27,29,31,32,34,36,0.0278,0.067,0.154,0.509,0.199,0.070,0.092
380,0,0,0,0,0,0,0,-0.0473,0.066,0.125,0.557,0.191,0.062,0.083
381,4,4,5,5,5,6,6,-0.0041,0.062,0.151,0.330,0.280,0.177,0.208
382,20,21,22,24,25,26,28,-0.0124,0.053,0.149,0.333,0.277,0.188,0.219
383,22,23,25,26,28,29,31,-0.0784,0.042,0.149,0.195,0.251,0.362,0.390
384,1,1,1,1,1,1,1,-0.0052,0.061,0.189,0.208,0.348,0.194,0.233
385,0,0,0,0,0,0,0,0.0195,0.052,0.176,0.200,0.380,0.192,0.234
386,0,0,0,0,0,0,0,-0.0147,0.050,0.177,0.171,0.352,0.250,0.289
387,9,10,10,11,12,12,13,-0.0179,0.057,0.189,0.218,0.346,0.191,0.229
388,149,158,167,176,186,197,208,-0.0408,0.050,0.193,0.201,0.328,0.227,0.263
389,103,109,115,122,129,136,144,-0.0659,0.047,0.166,0.202,0.315,0.271,0.306
390,0,0,0,0,0,0,0,0.0389,0.059,0.131,0.429,0.238,0.143,0.170
391,2,2,2,2,3,3,3,0.0594,0.047,0.091,0.435,0.271,0.155,0.185
392,0,0,0,0,0,0,0,0.0222,0.084,0.136,0.589,0.161,0.030,0.047
393,17,18,19,20,21,23,24,0.0445,0.064,0.142,0.421,0.235,0.139,0.165
394,90,95,101,106,113,119,126,-0.0579,0.059,0.149,0.344,0.255,0.193,0.222
395,0,0,0,0,0,0,0,0.1047,0.066,0.099,0.534,0.228,0.074,0.099
396,1,1,1,1,1,1,1,0.0917,0.061,0.102,0.531,0.224,0.082,0.099
397,1,1,1,1,1,1,1,0.0623,0.065,0.107,0.532,0.245,0.051,0.079
398,0,0,0,0,0,0,0,0.0622,0.065,0.107,0.532,0.245,0.052,0.079
399,0,0,0,0,0,0,0,0.0000,#DIV/0!,#DIV/0!,#DIV/0!,#DIV/0!,#DIV/0!,0.104
400,0,0,0,0,0,0,0,0.0157,0.061,0.171,0.432,0.261,0.075,0.104
401,1,1,1,1,1,1,1,-0.0344,0.077,0.229,0.312,0.213,0.170,0.193
402,0,0,0,0,0,0,0,-0.1881,0.093,0.173,0.677,0.057,0.000,0.006
403,0,0,0,0,0,0,0,0.0000,#DIV/0!,#DIV/0!,#DIV/0!,#DIV/0!,#DIV/0!,0.117
404,7,7,8,8,9,9,10,0.0110,0.077,0.281,0.331,0.218,0.092,0.117
405,0,0,0,0,0,0,0,0.0138,0.074,0.284,0.326,0.221,0.095,0.117
406,0,0,0,0,0,0,0,0.0000,#DIV/0!,#DIV/0!,#DIV/0!,#DIV/0!,#DIV/0!,0.071
407,0,0,0,0,0,0,0,0.0000,#DIV/0!,#DIV/0!,#DIV/0!,#DIV/0!,#DIV/0!,0.071
408,0,0,0,0,0,0,0,0.1284,0.051,0.038,0.615,0.256,0.038,0.071
409,0,0,0,0,0,0,0,0.0000,#DIV/0!,#DIV/0!,#DIV/0!,#DIV/0!,#DIV/0!,0.071
410,18,19,20,21,22,24,25,0.1278,0.054,0.038,0.610,0.255,0.043,0.071
411,0,0,0,0,0,0,0,0.0000,#DIV/0!,#DIV/0!,#DIV/0!,#DIV/0!,#DIV/0!,0.078
412,1,1,1,1,1,1,1,0.0552,0.082,0.193,0.427,0.247,0.050,0.078
413,9,10,10,11,12,12,13,-0.0635,0.076,0.065,0.720,0.128,0.011,0.025
414,431,456,482,510,539,570,603,-0.0990,0.052,0.219,0.306,0.262,0.161,0.190
415,3,3,3,3,4,4,4,0.0605,0.067,0.165,0.425,0.259,0.085,0.113
416,7,7,8,8,9,9,10,0.0607,0.067,0.165,0.425,0.259,0.085,0.113
417,0,0,0,0,0,0,0,0.0000,#DIV/0!,#DIV/0!,#DIV/0!,#DIV/0!,#DIV/0!,0.113
418,2,2,2,2,3,3,3,-0.0596,0.064,0.171,0.357,0.277,0.130,0.161
419,8,8,9,9,10,10,11,-0.0599,0.065,0.171,0.357,0.276,0.131,0.161
420,23,24,26,27,29,30,32,-0.0374,0.069,0.226,0.333,0.269,0.103,0.133
421,0,0,0,0,0,0,0,-0.0566,0.041,0.110,0.248,0.329,0.272,0.308
422,0,0,0,0,0,0,0,-0.0277,0.055,0.094,0.439,0.217,0.195,0.219
423,1,1,1,1,1,1,1,-0.0472,0.061,0.206,0.386,0.252,0.096,0.124
424,31,33,35,37,39,41,43,-0.0257,0.081,0.193,0.400,0.232,0.094,0.120
425,9,10,10,11,12,12,13,0.0202,0.078,0.161,0.507,0.186,0.067,0.088
426,79,83,88,93,99,104,110,0.0243,0.072,0.124,0.536,0.203,0.065,0.088
427,7,7,8,8,9,9,10,0.0237,0.072,0.123,0.536,0.204,0.066,0.088
428,21,22,23,25,26,27,29,0.0251,0.072,0.124,0.536,0.202,0.065,0.088
429,0,0,0,0,0,0,0,0.0000,#DIV/0!,#DIV/0!,#DIV/0!,#DIV/0!,#DIV/0!,0.183
430,1,1,1,1,1,1,1,-0.1340,0.091,0.182,0.364,0.182,0.182,0.183
431,0,0,0,0,0,0,0,-0.0638,0.000,0.200,0.400,0.200,0.200,0.183
432,1,1,1,1,1,1,1,-0.0797,0.074,0.176,0.396,0.191,0.162,0.183
433,11,12,12,13,14,14,15,-0.0798,0.074,0.177,0.396,0.192,0.162,0.183
434,1,1,1,1,1,1,1,0.0536,0.066,0.182,0.380,0.198,0.174,0.198
435,9,10,10,11,12,12,13,0.0574,0.063,0.183,0.380,0.197,0.176,0.198
436,19,20,21,23,24,25,27,-0.0582,0.055,0.146,0.320,0.245,0.234,0.261
437,-1,-1,-1,-1,-1,-1,-1,-0.0441,0.077,0.173,0.417,0.223,0.109,0.134
438,5,5,6,6,6,7,7,-0.0327,0.054,0.186,0.321,0.279,0.161,0.191
439,12,13,13,14,15,16,17,-0.0265,0.061,0.155,0.341,0.296,0.147,0.180
440,6,6,7,7,7,8,8,-0.0269,0.069,0.149,0.457,0.233,0.092,0.118
441,0,0,0,0,0,0,0,-0.0033,0.063,0.141,0.462,0.204,0.130,0.152
442,14,15,16,17,18,19,20,-0.0157,0.052,0.164,0.311,0.309,0.164,0.199
443,6,6,7,7,7,8,8,-0.0618,0.065,0.214,0.365,0.264,0.092,0.121
444,10,11,11,12,13,13,14,-0.0088,0.065,0.151,0.369,0.248,0.167,0.195
445,0,0,0,0,0,0,0,-0.0329,0.075,0.136,0.446,0.244,0.099,0.126
446,0,0,0,0,0,0,0,0.0222,0.070,0.137,0.471,0.240,0.081,0.108
447,1,1,1,1,1,1,1,0.0600,0.061,0.128,0.403,0.270,0.138,0.168
448,8,8,9,9,10,10,11,-0.0278,0.072,0.109,0.530,0.177,0.112,0.131
449,82,87,92,97,103,109,115,-0.0380,0.061,0.102,0.453,0.241,0.143,0.170
450,3,3,3,3,4,4,4,-0.0222,0.051,0.097,0.415,0.241,0.195,0.221
451,5,5,6,6,6,7,7,-0.0428,0.057,0.170,0.293,0.308,0.173,0.207
452,122,129,137,144,153,162,171,-0.0190,0.051,0.130,0.235,0.309,0.275,0.309
453,115,122,129,136,144,152,161,-0.0210,0.061,0.148,0.309,0.271,0.211,0.241
454,166,176,186,196,208,219,232,-0.0481,0.053,0.188,0.224,0.303,0.232,0.266
455,4,4,5,5,5,6,6,-0.0261,0.051,0.189,0.212,0.315,0.232,0.267
456,28,30,31,33,35,37,39,-0.0374,0.069,0.192,0.384,0.248,0.106,0.134
457,8,8,9,9,10,10,11,-0.0401,0.066,0.175,0.305,0.298,0.156,0.189
458,0,0,0,0,0,0,0,-0.0670,0.074,0.173,0.364,0.251,0.137,0.165
459,14,15,16,17,18,19,20,-0.0084,0.068,0.148,0.353,0.274,0.157,0.187
460,2,2,2,2,3,3,3,-0.0561,0.080,0.145,0.412,0.232,0.132,0.157
461,25,26,28,30,31,33,35,-0.0255,0.053,0.170,0.296,0.283,0.197,0.229
462,33,35,37,39,41,44,46,-0.0645,0.062,0.180,0.326,0.276,0.156,0.187
463,0,0,0,0,0,0,0,-0.0050,0.043,0.137,0.327,0.305,0.188,0.221
464,18,19,20,21,22,24,25,-0.0395,0.063,0.130,0.377,0.274,0.156,0.186
465,132,140,148,156,165,175,185,-0.0306,0.055,0.131,0.356,0.224,0.234,0.259
466,8,8,9,9,10,10,11,-0.0008,0.066,0.144,0.344,0.263,0.183,0.212
467,18,19,20,21,22,24,25,0.0150,0.076,0.162,0.401,0.223,0.139,0.164
468,175,185,196,207,219,232,245,-0.0507,0.066,0.159,0.411,0.227,0.136,0.161
469,120,127,134,142,150,159,168,-0.0876,0.081,0.197,0.439,0.189,0.094,0.115
470,0,0,0,0,0,0,0,-0.0123,0.065,0.177,0.345,0.248,0.165,0.193
471,75,79,84,89,94,99,105,-0.0157,0.056,0.126,0.424,0.231,0.163,0.189
472,0,0,0,0,0,0,0,0.0273,0.074,0.168,0.473,0.218,0.067,0.091
473,9,10,10,11,12,12,13,-0.0946,0.077,0.215,0.409,0.197,0.102,0.124
474,9,10,10,11,12,12,13,0.0172,0.070,0.197,0.378,0.260,0.095,0.124
475,0,0,0,0,0,0,0,-0.0539,0.063,0.199,0.346,0.253,0.139,0.167
476,224,237,250,265,280,296,313,-0.0555,0.060,0.167,0.288,0.251,0.234,0.262
477,10,11,11,12,13,13,14,-0.0493,0.063,0.197,0.323,0.264,0.153,0.182
478,0,0,0,0,0,0,0,-0.0449,0.074,0.163,0.503,0.192,0.069,0.090
479,30,32,34,35,38,40,42,-0.0378,0.064,0.217,0.371,0.258,0.090,0.118
480,-1,-1,-1,-1,-1,-1,-1,-0.0180,0.048,0.236,0.229,0.329,0.158,0.195
481,0,0,0,0,0,0,0,-0.0377,0.046,0.233,0.228,0.344,0.148,0.187
482,5,5,6,6,6,7,7,-0.0420,0.054,0.232,0.255,0.292,0.167,0.200
483,1,1,1,1,1,1,1,-0.0511,0.046,0.223,0.323,0.284,0.123,0.155
484,24,25,27,29,30,32,34,-0.0790,0.066,0.190,0.314,0.262,0.167,0.196
485,14,15,16,17,18,19,20,-0.0743,0.069,0.195,0.324,0.265,0.147,0.176
486,0,0,0,0,0,0,0,-0.0817,0.055,0.248,0.348,0.262,0.086,0.115
487,8,8,9,9,10,10,11,-0.0840,0.057,0.193,0.347,0.277,0.126,0.157
488,232,245,259,274,290,306,324,-0.0407,0.043,0.197,0.249,0.335,0.177,0.214
489,0,0,0,0,0,0,0,0.0199,0.043,0.248,0.208,0.377,0.125,0.167
490,0,0,0,0,0,0,0,-0.0059,0.045,0.226,0.250,0.340,0.140,0.177
491,1,1,1,1,1,1,1,-0.1096,0.048,0.260,0.261,0.295,0.137,0.169
492,1,1,1,1,1,1,1,-0.0485,0.048,0.255,0.275,0.302,0.120,0.153
493,5,5,6,6,6,7,7,-0.0170,0.043,0.213,0.203,0.352,0.189,0.228
494,2,2,2,2,3,3,3,-0.0408,0.043,0.235,0.184,0.339,0.199,0.237
495,0,0,0,0,0,0,0,0.0107,0.041,0.212,0.188,0.388,0.173,0.215
496,74,78,83,88,93,98,104,0.0709,0.039,0.181,0.187,0.396,0.196,0.240
497,95,100,106,112,119,126,133,-0.0105,0.043,0.194,0.176,0.347,0.241,0.279
498,24,25,27,29,30,32,34,0.0324,0.064,0.178,0.266,0.297,0.194,0.227
499,13,14,14,15,16,17,18,-0.0224,0.073,0.203,0.326,0.277,0.120,0.151
500,1,1,1,1,1,1,1,0.0283,0.070,0.212,0.320,0.301,0.098,0.131
501,42,44,47,50,53,56,59,-0.0269,0.062,0.188,0.293,0.305,0.153,0.187
502,9,10,10,11,12,12,13,-0.0315,0.066,0.178,0.351,0.265,0.139,0.169
503,7,7,8,8,9,9,10,-0.0514,0.060,0.166,0.382,0.227,0.165,0.190
504,3,3,3,3,4,4,4,0.0672,0.049,0.139,0.420,0.288,0.104,0.136
505,11,12,12,13,14,14,15,0.0304,0.070,0.207,0.378,0.259,0.086,0.114
506,10,11,11,12,13,13,14,-0.0096,0.051,0.174,0.321,0.289,0.164,0.197
507,1,1,1,1,1,1,1,0.0299,0.039,0.157,0.203,0.398,0.203,0.247
508,25,26,28,30,31,33,35,0.0198,0.044,0.190,0.286,0.342,0.139,0.177
509,1,1,1,1,1,1,1,0.0582,0.042,0.154,0.423,0.296,0.086,0.119
510,-1,-1,-1,-1,-1,-1,-1,-0.0483,0.048,0.217,0.185,0.370,0.178,0.219
511,107,113,120,127,134,142,150,0.0000,0.038,0.139,0.251,0.337,0.235,0.272
512,17,18,19,20,21,23,24,0.0779,0.053,0.189,0.281,0.391,0.086,0.130
513,92,97,103,109,115,122,129,0.0495,0.040,0.195,0.210,0.388,0.167,0.210
514,63,67,70,74,79,83,88,-0.0340,0.053,0.194,0.233,0.321,0.199,0.235
515,38,40,42,45,47,50,53,-0.0191,0.063,0.212,0.310,0.282,0.133,0.164
516,0,0,0,0,0,0,0,-0.0015,0.062,0.184,0.269,0.309,0.177,0.211
517,151,160,169,178,189,200,211,-0.0283,0.056,0.182,0.316,0.276,0.170,0.200
518,62,66,69,73,78,82,87,-0.0072,0.060,0.199,0.293,0.280,0.168,0.199
519,200,212,224,237,250,265,280,-0.0102,0.061,0.175,0.337,0.270,0.156,0.186
520,10,11,11,12,13,13,14,-0.0580,0.067,0.220,0.312,0.267,0.134,0.164
521,13,14,14,15,16,17,18,-0.0101,0.057,0.169,0.372,0.265,0.137,0.166
522,33,35,37,39,41,44,46,-0.0308,0.062,0.180,0.322,0.257,0.178,0.206
523,38,40,42,45,47,50,53,-0.0304,0.061,0.190,0.269,0.293,0.186,0.219
524,8,8,9,9,10,10,11,-0.0437,0.056,0.158,0.249,0.297,0.240,0.273
525,113,119,126,134,141,149,158,-0.0608,0.049,0.136,0.236,0.312,0.267,0.301
526,16,17,18,19,20,21,22,-0.0260,0.067,0.142,0.301,0.292,0.198,0.231
527,11,12,12,13,14,14,15,0.0131,0.065,0.144,0.334,0.303,0.154,0.188
528,11,12,12,13,14,14,15,0.0188,0.058,0.138,0.369,0.280,0.156,0.187
529,6,6,7,7,7,8,8,-0.0931,0.042,0.122,0.195,0.315,0.327,0.362
530,21,22,23,25,26,27,29,0.0136,0.048,0.124,0.440,0.246,0.141,0.168
531,131,139,146,155,164,173,183,0.0267,0.051,0.111,0.369,0.280,0.189,0.220
532,129,136,144,152,161,170,180,-0.0229,0.058,0.143,0.445,0.215,0.139,0.163
533,206,218,230,244,258,272,288,-0.0413,0.081,0.190,0.417,0.206,0.106,0.128
534,152,161,170,180,190,201,213,0.0024,0.058,0.157,0.361,0.251,0.173,0.200
535,8,8,9,9,10,10,11,-0.0464,0.070,0.188,0.381,0.229,0.132,0.157
536,24,25,27,29,30,32,34,-0.0981,0.088,0.233,0.417,0.192,0.071,0.092
537,22,23,25,26,28,29,31,-0.0845,0.075,0.176,0.372,0.210,0.168,0.191
538,163,172,182,193,204,216,228,0.0074,0.078,0.198,0.405,0.218,0.100,0.124
539,78,82,87,92,97,103,109,0.0079,0.078,0.198,0.404,0.219,0.100,0.124
540,67,71,75,79,84,89,94,0.0318,0.052,0.129,0.412,0.267,0.139,0.169
541,219,232,245,259,274,289,306,-0.0688,0.058,0.145,0.290,0.278,0.229,0.260
542,83,88,93,98,104,110,116,0.0214,0.069,0.152,0.398,0.270,0.111,0.141
543,1362,1440,1523,1611,1703,1801,1905,0.1208,0.035,0.330,0.415,0.162,0.058,0.076
544,46,49,51,54,57,61,64,0.0082,0.048,0.124,0.472,0.222,0.134,0.159
545,1045,1105,1169,1236,1307,1382,1462,-0.0576,0.034,0.260,0.414,0.165,0.127,0.145
546,1625,1718,1817,1922,2032,2149,2273,-0.0977,0.043,0.183,0.477,0.202,0.095,0.117
547,67,71,75,79,84,89,94,-0.0765,0.081,0.231,0.349,0.216,0.124,0.148
548,266,281,297,315,333,352,372,-0.0335,0.066,0.210,0.364,0.211,0.149,0.172
549,88,93,98,104,110,116,123,-0.0548,0.066,0.164,0.412,0.195,0.163,0.185
550,63,67,70,74,79,83,88,-0.0334,0.081,0.220,0.389,0.211,0.098,0.121
551,87,92,97,103,109,115,122,-0.1059,0.093,0.234,0.392,0.184,0.097,0.117
552,0,0,0,0,0,0,0,-0.1334,0.101,0.269,0.388,0.177,0.065,0.085
553,40,42,45,47,50,53,56,-0.1153,0.088,0.291,0.369,0.180,0.071,0.091
554,759,803,849,898,950,1004,1062,0.0180,0.046,0.142,0.483,0.260,0.069,0.098
555,231,244,258,273,289,305,323,-0.0546,0.079,0.214,0.485,0.170,0.051,0.070
556,2971,3142,3323,3514,3716,3930,4156,-0.1539,0.035,0.375,0.459,0.104,0.028,0.039
557,96,101,107,113,120,127,134,-0.0356,0.043,0.112,0.516,0.209,0.120,0.143
558,21,22,23,25,26,27,29,0.0500,0.044,0.162,0.381,0.219,0.194,0.218
559,9,10,10,11,12,12,13,-0.0441,0.074,0.206,0.384,0.233,0.103,0.128
560,233,246,261,276,291,308,326,-0.1245,0.092,0.273,0.410,0.160,0.067,0.084
561,1,1,1,1,1,1,1,0.0748,0.076,0.217,0.467,0.169,0.071,0.090
562,89,94,99,105,111,117,124,-0.0972,0.095,0.281,0.378,0.178,0.069,0.088
563,717,758,802,848,897,948,1003,-0.1140,0.065,0.190,0.395,0.245,0.104,0.131
564,24,25,27,29,30,32,34,-0.0580,0.103,0.228,0.392,0.183,0.093,0.113
565,0,0,0,0,0,0,0,-0.0281,0.073,0.107,0.444,0.215,0.162,0.185
566,1,1,1,1,1,1,1,-0.1408,0.042,0.107,0.231,0.308,0.312,0.346
567,112,118,125,133,140,148,157,-0.0942,0.077,0.239,0.342,0.240,0.102,0.129
568,20,21,22,24,25,26,28,-0.1129,0.085,0.254,0.376,0.206,0.079,0.102
569,6,6,7,7,7,8,8,-0.1634,0.099,0.312,0.361,0.175,0.053,0.072
570,11,12,12,13,14,14,15,-0.1400,0.096,0.263,0.386,0.183,0.073,0.093
571,10,11,11,12,13,13,14,-0.1430,0.079,0.285,0.341,0.222,0.073,0.098
572,7,7,8,8,9,9,10,-0.1250,0.073,0.264,0.353,0.223,0.086,0.111
573,45,48,50,53,56,60,63,-0.0547,0.055,0.217,0.335,0.302,0.092,0.125
574,67,71,75,79,84,89,94,-0.1748,0.076,0.232,0.366,0.237,0.089,0.115
575,49,52,55,58,62,65,69,-0.0875,0.057,0.253,0.332,0.279,0.079,0.110
576,50,53,56,59,63,66,70,-0.0764,0.062,0.238,0.332,0.284,0.084,0.115
577,63,67,70,74,79,83,88,-0.0981,0.071,0.266,0.351,0.230,0.081,0.107
578,0,0,0,0,0,0,0,-0.0959,0.092,0.249,0.428,0.177,0.055,0.074
579,35,37,39,41,44,46,49,-0.0798,0.083,0.262,0.348,0.234,0.073,0.099
580,1,1,1,1,1,1,1,-0.1295,0.101,0.321,0.357,0.152,0.069,0.086
581,7,7,8,8,9,9,10,-0.1278,0.083,0.277,0.352,0.211,0.077,0.101
582,183,194,205,216,229,242,256,-0.1236,0.081,0.256,0.345,0.203,0.115,0.138
583,33,35,37,39,41,44,46,-0.0534,0.070,0.258,0.331,0.238,0.103,0.130
584,18,19,20,21,22,24,25,-0.1563,0.074,0.247,0.347,0.237,0.095,0.121
585,5,5,6,6,6,7,7,-0.1212,0.080,0.299,0.349,0.199,0.073,0.095
586,4,4,5,5,5,6,6,-0.1568,0.084,0.289,0.343,0.210,0.074,0.097
587,9,10,10,11,12,12,13,-0.1167,0.087,0.275,0.363,0.194,0.081,0.102
588,10,11,11,12,13,13,14,-0.1882,0.073,0.299,0.315,0.227,0.087,0.112
589,0,0,0,0,0,0,0,-0.0387,0.076,0.275,0.355,0.204,0.091,0.113
590,0,0,0,0,0,0,0,-0.1190,0.088,0.314,0.346,0.182,0.071,0.091
591,80,85,89,95,100,106,112,-0.1438,0.096,0.280,0.358,0.169,0.097,0.116
592,2,2,2,2,3,3,3,-0.1282,0.085,0.243,0.342,0.210,0.120,0.143
593,112,118,125,133,140,148,157,-0.1474,0.082,0.210,0.370,0.205,0.134,0.156
594,78,82,87,92,97,103,109,-0.1078,0.086,0.269,0.364,0.208,0.073,0.096
595,257,272,287,304,321,340,359,-0.1350,0.082,0.208,0.329,0.194,0.186,0.208
596,7,7,8,8,9,9,10,-0.1210,0.064,0.258,0.313,0.266,0.099,0.128
597,12,13,13,14,15,16,17,-0.1432,0.074,0.285,0.335,0.233,0.073,0.098
598,30,32,34,35,38,40,42,0.0343,0.059,0.200,0.339,0.298,0.104,0.137
599,21,22,23,25,26,27,29,-0.0244,0.066,0.200,0.362,0.280,0.092,0.123
600,27,29,30,32,34,36,38,0.0040,0.064,0.206,0.324,0.301,0.105,0.139
601,1,1,1,1,1,1,1,0.0161,0.086,0.156,0.443,0.223,0.092,0.117
602,100,106,112,118,125,132,140,-0.1077,0.072,0.190,0.329,0.289,0.120,0.151
603,17,18,19,20,21,23,24,-0.1093,0.073,0.190,0.330,0.288,0.120,0.151
604,108,114,121,128,135,143,151,-0.1079,0.072,0.190,0.330,0.289,0.119,0.151
605,43,45,48,51,54,57,60,-0.0228,0.086,0.173,0.467,0.209,0.065,0.088
606,13,14,14,15,16,17,18,-0.0443,0.066,0.212,0.335,0.280,0.107,0.138
607,2084,2204,2331,2465,2607,2756,2915,-0.1444,0.046,0.128,0.612,0.177,0.038,0.057
608,522,552,584,617,653,690,730,-0.1447,0.046,0.127,0.612,0.177,0.038,0.057
609,6,6,7,7,7,8,8,0.0063,0.060,0.209,0.321,0.309,0.101,0.135
610,0,0,0,0,0,0,0,-0.0054,0.074,0.135,0.365,0.215,0.211,0.235
611,7,7,8,8,9,9,10,-0.0415,0.068,0.211,0.334,0.270,0.117,0.147
612,0,0,0,0,0,0,0,-0.0341,0.078,0.137,0.449,0.237,0.100,0.126
613,12,13,13,14,15,16,17,-0.1060,0.066,0.213,0.351,0.249,0.122,0.149
614,6,6,7,7,7,8,8,-0.0365,0.060,0.202,0.343,0.296,0.099,0.132
615,7,7,8,8,9,9,10,-0.0018,0.057,0.224,0.312,0.333,0.074,0.111
616,11,12,12,13,14,14,15,-0.0458,0.077,0.226,0.369,0.254,0.075,0.103
617,10,11,11,12,13,13,14,-0.0667,0.073,0.249,0.360,0.235,0.083,0.109
618,0,0,0,0,0,0,0,-0.0515,0.067,0.236,0.306,0.306,0.085,0.119
619,3,3,3,3,4,4,4,-0.0075,0.069,0.217,0.326,0.292,0.096,0.128
620,11,12,12,13,14,14,15,-0.0030,0.075,0.206,0.356,0.271,0.092,0.122
621,9,10,10,11,12,12,13,-0.0530,0.075,0.214,0.333,0.266,0.112,0.141
622,20,21,22,24,25,26,28,-0.0108,0.061,0.215,0.329,0.306,0.088,0.122
623,18,19,20,21,22,24,25,0.0010,0.064,0.221,0.341,0.301,0.073,0.106
624,28,30,31,33,35,37,39,-0.0048,0.064,0.195,0.302,0.336,0.102,0.139
625,9,10,10,11,12,12,13,-0.0192,0.058,0.201,0.369,0.272,0.100,0.130
626,26,27,29,31,32,34,36,-0.0466,0.061,0.218,0.313,0.304,0.104,0.137
627,20,21,22,24,25,26,28,-0.0446,0.058,0.192,0.321,0.314,0.115,0.150
628,3,3,3,3,4,4,4,-0.0055,0.047,0.185,0.274,0.338,0.156,0.193
629,24,25,27,29,30,32,34,-0.0507,0.051,0.167,0.280,0.313,0.189,0.223
630,165,175,185,195,206,218,231,-0.0986,0.064,0.215,0.321,0.272,0.127,0.157
631,13,14,14,15,16,17,18,-0.0180,0.076,0.214,0.353,0.278,0.079,0.110
632,24,25,27,29,30,32,34,-0.0543,0.067,0.178,0.334,0.279,0.142,0.173
633,42,44,47,50,53,56,59,-0.1032,0.077,0.235,0.336,0.219,0.133,0.157
634,0,0,0,0,0,0,0,-0.1354,0.089,0.255,0.368,0.205,0.083,0.106
635,328,347,367,388,410,434,459,-0.1438,0.073,0.272,0.338,0.205,0.112,0.135
636,5,5,6,6,6,7,7,-0.1424,0.081,0.266,0.336,0.221,0.095,0.120
637,17,18,19,20,21,23,24,0.0132,0.047,0.185,0.252,0.373,0.143,0.185
638,56,59,63,66,70,74,78,-0.1463,0.079,0.276,0.340,0.210,0.095,0.118
639,19,20,21,23,24,25,27,-0.1021,0.084,0.278,0.355,0.195,0.089,0.110
640,0,0,0,0,0,0,0,-0.1205,0.058,0.269,0.329,0.244,0.100,0.127
641,0,0,0,0,0,0,0,-0.0996,0.082,0.263,0.327,0.228,0.100,0.125
642,4,4,5,5,5,6,6,-0.0009,0.057,0.209,0.287,0.347,0.100,0.138
643,44,47,49,52,55,59,62,-0.0526,0.065,0.237,0.306,0.281,0.112,0.143
644,31,33,35,37,39,41,43,0.0587,0.055,0.250,0.305,0.282,0.108,0.139
645,40,42,45,47,50,53,56,-0.0964,0.064,0.248,0.311,0.289,0.087,0.119
646,14,15,16,17,18,19,20,-0.0451,0.056,0.247,0.298,0.312,0.087,0.121
647,0,0,0,0,0,0,0,-0.0311,0.058,0.235,0.280,0.353,0.074,0.113
648,0,0,0,0,0,0,0,-0.0582,0.085,0.239,0.359,0.246,0.070,0.098
649,34,36,38,40,43,45,48,-0.0102,0.066,0.274,0.328,0.254,0.078,0.106
650,25,26,28,30,31,33,35,-0.0519,0.077,0.238,0.360,0.249,0.075,0.103
651,115,122,129,136,144,152,161,-0.0789,0.073,0.258,0.347,0.248,0.076,0.103
652,17,18,19,20,21,23,24,0.0138,0.058,0.237,0.306,0.291,0.108,0.140
653,48,51,54,57,60,63,67,0.0253,0.102,0.222,0.371,0.237,0.067,0.093
654,6,6,7,7,7,8,8,-0.1228,0.040,0.118,0.154,0.269,0.418,0.448
655,24,25,27,29,30,32,34,-0.0096,0.095,0.206,0.354,0.290,0.055,0.087
656,29,31,33,34,37,39,41,0.0238,0.090,0.207,0.384,0.274,0.046,0.076
657,10,11,11,12,13,13,14,-0.0600,0.081,0.241,0.380,0.237,0.060,0.086
658,0,0,0,0,0,0,0,0.0187,0.071,0.234,0.299,0.314,0.082,0.117
659,0,0,0,0,0,0,0,-0.0472,0.067,0.229,0.328,0.307,0.069,0.103
660,15,16,17,18,19,20,21,-0.0286,0.070,0.250,0.317,0.291,0.072,0.104
661,30,32,34,35,38,40,42,-0.0129,0.065,0.227,0.310,0.306,0.092,0.126
662,8,8,9,9,10,10,11,-0.0186,0.065,0.232,0.319,0.323,0.061,0.097
663,0,0,0,0,0,0,0,0.0200,0.056,0.253,0.300,0.326,0.065,0.101
664,34,36,38,40,43,45,48,0.0346,0.072,0.234,0.346,0.274,0.073,0.104
665,47,50,53,56,59,62,66,-0.0149,0.063,0.217,0.325,0.305,0.090,0.124
666,7,7,8,8,9,9,10,-0.1088,0.070,0.197,0.344,0.248,0.140,0.168
667,8,8,9,9,10,10,11,-0.0463,0.081,0.239,0.426,0.214,0.040,0.063
668,23,24,26,27,29,30,32,0.0263,0.065,0.212,0.342,0.308,0.073,0.107
669,18,19,20,21,22,24,25,-0.1149,0.091,0.275,0.341,0.224,0.069,0.093
670,22,23,25,26,28,29,31,-0.0550,0.073,0.251,0.341,0.259,0.075,0.104
671,60,63,67,71,75,79,84,-0.0122,0.071,0.161,0.502,0.213,0.053,0.077
672,55,58,62,65,69,73,77,-0.0208,0.069,0.211,0.356,0.286,0.078,0.110
673,2,2,2,2,3,3,3,-0.0009,0.075,0.208,0.354,0.257,0.107,0.136
674,29,31,33,34,37,39,41,0.0172,0.062,0.227,0.306,0.318,0.087,0.123
675,31,33,35,37,39,41,43,-0.0244,0.066,0.215,0.316,0.313,0.089,0.124
676,63,67,70,74,79,83,88,-0.0378,0.066,0.195,0.378,0.260,0.101,0.129
677,0,0,0,0,0,0,0,-0.0521,0.068,0.202,0.357,0.207,0.167,0.190
678,13,14,14,15,16,17,18,0.0553,0.048,0.206,0.267,0.393,0.086,0.130
679,25,26,28,30,31,33,35,0.0107,0.064,0.208,0.322,0.303,0.104,0.137
680,27,29,30,32,34,36,38,-0.0052,0.063,0.220,0.313,0.330,0.075,0.111
681,141,149,158,167,176,186,197,-0.0648,0.062,0.168,0.286,0.258,0.226,0.255
682,5,5,6,6,6,7,7,-0.0141,0.064,0.208,0.291,0.305,0.131,0.165
683,81,86,91,96,101,107,113,-0.0204,0.059,0.189,0.283,0.299,0.171,0.204
684,27,29,30,32,34,36,38,-0.0137,0.068,0.199,0.340,0.261,0.132,0.161
685,18,19,20,21,22,24,25,-0.0059,0.063,0.220,0.355,0.259,0.104,0.132
686,5,5,6,6,6,7,7,-0.0376,0.061,0.180,0.358,0.268,0.133,0.162
687,8,8,9,9,10,10,11,0.0062,0.071,0.172,0.365,0.283,0.108,0.140
688,32,34,36,38,40,43,45,-0.0381,0.083,0.220,0.353,0.236,0.108,0.134
689,9,10,10,11,12,12,13,0.0519,0.054,0.212,0.242,0.389,0.103,0.146
690,22,23,25,26,28,29,31,0.0241,0.053,0.200,0.227,0.391,0.129,0.172
691,0,0,0,0,0,0,0,0.0000,0.054,0.194,0.204,0.366,0.182,0.222
692,0,0,0,0,0,0,0,-0.0397,0.060,0.192,0.238,0.359,0.152,0.192
693,0,0,0,0,0,0,0,-0.0612,0.059,0.212,0.255,0.324,0.150,0.186
694,8,8,9,9,10,10,11,0.0383,0.052,0.250,0.246,0.377,0.074,0.115
695,0,0,0,0,0,0,0,0.0235,0.057,0.232,0.251,0.380,0.080,0.122
696,41,43,46,48,51,54,57,0.0111,0.049,0.221,0.281,0.340,0.108,0.146
697,103,109,115,122,129,136,144,-0.0815,0.041,0.292,0.254,0.303,0.110,0.143
698,48,51,54,57,60,63,67,0.0088,0.063,0.241,0.277,0.346,0.073,0.111
699,0,0,0,0,0,0,0,0.0134,0.065,0.228,0.272,0.359,0.076,0.115
700,43,45,48,51,54,57,60,-0.0826,0.082,0.262,0.323,0.225,0.109,0.133
701,9,10,10,11,12,12,13,-0.0458,0.066,0.225,0.255,0.309,0.145,0.179
702,229,242,256,271,286,303,320,-0.0922,0.080,0.245,0.331,0.239,0.104,0.131
703,8,8,9,9,10,10,11,0.0359,0.056,0.247,0.257,0.369,0.072,0.112
704,0,0,0,0,0,0,0,0.0001,0.042,0.196,0.232,0.409,0.122,0.167
705,33,35,37,39,41,44,46,-0.0291,0.076,0.256,0.312,0.265,0.092,0.121
706,13,14,14,15,16,17,18,0.0108,0.071,0.267,0.308,0.255,0.100,0.128
707,229,242,256,271,286,303,320,-0.1359,0.093,0.304,0.332,0.172,0.099,0.118
708,34,36,38,40,43,45,48,-0.0873,0.069,0.235,0.288,0.267,0.141,0.171
709,405,428,453,479,506,535,566,-0.1666,0.099,0.281,0.356,0.178,0.087,0.106
710,105,111,117,124,131,139,147,-0.1352,0.096,0.269,0.364,0.219,0.052,0.076
711,0,0,0,0,0,0,0,-0.0219,0.096,0.241,0.329,0.281,0.054,0.085
712,143,151,160,169,179,189,200,-0.0553,0.056,0.227,0.260,0.337,0.120,0.157
713,13,14,14,15,16,17,18,-0.0477,0.047,0.227,0.254,0.358,0.114,0.154
714,39,41,44,46,49,52,55,0.0355,0.047,0.172,0.284,0.350,0.147,0.186
715,95,100,106,112,119,126,133,0.0232,0.102,0.187,0.399,0.244,0.069,0.096
716,26,27,29,31,32,34,36,-0.1035,0.059,0.167,0.301,0.269,0.204,0.234
717,33,35,37,39,41,44,46,-0.0526,0.068,0.214,0.352,0.228,0.137,0.163
718,9,10,10,11,12,12,13,0.0234,0.084,0.235,0.372,0.259,0.050,0.079
719,14,15,16,17,18,19,20,-0.0025,0.090,0.203,0.408,0.210,0.089,0.112
720,13,14,14,15,16,17,18,0.0651,0.070,0.244,0.395,0.246,0.045,0.073
721,98,104,110,116,123,130,137,0.0387,0.080,0.190,0.394,0.264,0.071,0.101
722,31,33,35,37,39,41,43,-0.0618,0.082,0.213,0.406,0.215,0.084,0.108
723,22,23,25,26,28,29,31,0.0036,0.064,0.190,0.356,0.286,0.103,0.135
724,117,124,131,139,147,155,164,0.0458,0.060,0.161,0.344,0.282,0.153,0.185
725,13,14,14,15,16,17,18,0.0808,0.060,0.222,0.250,0.386,0.083,0.126
726,0,0,0,0,0,0,0,-0.0037,0.063,0.214,0.318,0.316,0.090,0.125
727,142,150,159,168,178,188,199,-0.0943,0.065,0.206,0.339,0.264,0.126,0.155
728,0,0,0,0,0,0,0,0.0532,0.073,0.216,0.366,0.281,0.063,0.095
729,0,0,0,0,0,0,0,0.0245,0.068,0.162,0.459,0.236,0.074,0.100
730,5669,5995,6340,6704,7090,7498,7929,-0.2020,0.034,0.066,0.701,0.187,0.011,0.032
731,1,1,1,1,1,1,1,-0.1270,0.065,0.149,0.516,0.234,0.036,0.062
732,38,40,42,45,47,50,53,-0.1435,0.075,0.211,0.395,0.250,0.069,0.097
733,59,62,66,70,74,78,83,-0.1657,0.070,0.215,0.377,0.250,0.089,0.117
734,8,8,9,9,10,10,11,-0.0920,0.058,0.199,0.341,0.319,0.083,0.119
735,0,0,0,0,0,0,0,0.1444,0.054,0.181,0.309,0.357,0.099,0.139
736,12,13,13,14,15,16,17,0.1105,0.059,0.211,0.316,0.320,0.094,0.130
737,27,29,30,32,34,36,38,0.0879,0.071,0.219,0.324,0.321,0.065,0.101
738,13,14,14,15,16,17,18,0.1195,0.061,0.260,0.288,0.333,0.058,0.096
739,118,125,132,140,148,156,165,0.0057,0.065,0.138,0.431,0.199,0.166,0.188
740,15,16,17,18,19,20,21,0.0926,0.052,0.202,0.275,0.335,0.136,0.173
741,60,63,67,71,75,79,84,0.1104,0.050,0.230,0.282,0.353,0.085,0.125
742,11,12,12,13,14,14,15,0.1023,0.077,0.196,0.422,0.250,0.054,0.082
743,61,64,68,72,76,80,85,0.0724,0.081,0.205,0.380,0.243,0.090,0.118
744,139,147,155,164,174,184,194,0.0429,0.068,0.175,0.350,0.249,0.158,0.186
745,0,0,0,0,0,0,0,0.0649,0.062,0.192,0.300,0.304,0.142,0.176
746,0,0,0,0,0,0,0,0.0968,0.067,0.251,0.285,0.333,0.064,0.101
747,0,0,0,0,0,0,0,0.1767,0.064,0.211,0.296,0.360,0.070,0.110
748,0,0,0,0,0,0,0,0.0739,0.081,0.205,0.352,0.284,0.078,0.110
749,6,6,7,7,7,8,8,0.0360,0.080,0.157,0.439,0.252,0.073,0.101
750,1,1,1,1,1,1,1,-0.0172,0.143,0.143,0.500,0.143,0.071,0.067
751,1,1,1,1,1,1,1,-0.0172,0.143,0.143,0.500,0.143,0.071,0.067
752,3,3,3,3,4,4,4,0.0187,0.117,0.163,0.503,0.169,0.048,0.067
753,9,10,10,11,12,12,13,0.0869,0.065,0.234,0.309,0.324,0.068,0.104
754,76,80,85,90,95,100,106,0.1048,0.058,0.261,0.312,0.273,0.096,0.126
755,70,74,78,83,88,93,98,0.0390,0.064,0.233,0.310,0.300,0.092,0.125
756,12,13,13,14,15,16,17,-0.0396,0.050,0.224,0.283,0.289,0.154,0.186
757,8,8,9,9,10,10,11,0.0127,0.079,0.220,0.390,0.237,0.074,0.101
758,22,23,25,26,28,29,31,0.0136,0.070,0.210,0.371,0.243,0.106,0.133
759,19,20,21,23,24,25,27,0.0217,0.076,0.186,0.394,0.237,0.106,0.133
760,7,7,8,8,9,9,10,-0.0098,0.077,0.206,0.388,0.218,0.111,0.136
761,120,127,134,142,150,159,168,0.0127,0.071,0.191,0.419,0.208,0.111,0.134
762,14,15,16,17,18,19,20,0.0770,0.078,0.200,0.443,0.210,0.068,0.092
763,3,3,3,3,4,4,4,-0.0323,0.088,0.138,0.510,0.161,0.102,0.120
764,249,263,278,294,311,329,348,-0.0347,0.070,0.196,0.375,0.230,0.128,0.154
765,18,19,20,21,22,24,25,0.0895,0.072,0.192,0.346,0.285,0.104,0.136
766,8,8,9,9,10,10,11,0.0002,0.054,0.181,0.305,0.276,0.185,0.216
767,12,13,13,14,15,16,17,0.0229,0.063,0.185,0.391,0.275,0.086,0.117
768,40,42,45,47,50,53,56,-0.0163,0.080,0.227,0.389,0.238,0.067,0.093
769,43,45,48,51,54,57,60,0.0184,0.117,0.163,0.502,0.170,0.048,0.067
770,18,19,20,21,22,24,25,-0.0166,0.070,0.226,0.354,0.254,0.096,0.124
771,16,17,18,19,20,21,22,-0.0040,0.058,0.189,0.300,0.296,0.158,0.191
772,14,15,16,17,18,19,20,-0.0802,0.077,0.219,0.406,0.206,0.092,0.115
773,46,49,51,54,57,61,64,-0.0381,0.081,0.222,0.435,0.191,0.070,0.091
774,141,149,158,167,176,186,197,-0.0088,0.081,0.162,0.467,0.204,0.085,0.108
775,157,166,176,186,197,208,220,-0.0134,0.071,0.184,0.365,0.234,0.146,0.172
776,24,25,27,29,30,32,34,-0.0162,0.064,0.178,0.367,0.261,0.130,0.159
777,343,363,384,406,429,454,480,-0.0345,0.075,0.119,0.485,0.158,0.163,0.181
778,5,5,6,6,6,7,7,0.0826,0.078,0.127,0.540,0.196,0.059,0.081
779,0,0,0,0,0,0,0,0.0412,0.058,0.231,0.282,0.310,0.119,0.153
780,11,12,12,13,14,14,15,0.0520,0.064,0.236,0.277,0.324,0.100,0.136
781,71,75,79,84,89,94,99,0.0679,0.052,0.198,0.312,0.295,0.142,0.175
782,36,38,40,42,45,47,50,0.0299,0.069,0.170,0.388,0.265,0.109,0.138
783,7,7,8,8,9,9,10,0.0815,0.071,0.132,0.457,0.268,0.072,0.102
784,31,33,35,37,39,41,43,0.0216,0.066,0.165,0.343,0.308,0.117,0.152
785,33,35,37,39,41,44,46,0.0255,0.071,0.204,0.410,0.220,0.095,0.119
786,23,24,26,27,29,30,32,0.0098,0.062,0.189,0.342,0.293,0.113,0.146
787,22,23,25,26,28,29,31,0.0592,0.069,0.179,0.390,0.274,0.088,0.119
788,16,17,18,19,20,21,22,0.0068,0.075,0.218,0.343,0.259,0.104,0.133
789,25,26,28,30,31,33,35,0.0521,0.072,0.199,0.347,0.303,0.080,0.114
790,9,10,10,11,12,12,13,0.0837,0.068,0.240,0.325,0.301,0.066,0.100
791,35,37,39,41,44,46,49,0.0054,0.075,0.245,0.374,0.234,0.072,0.098
792,79,83,88,93,99,104,110,0.0462,0.057,0.206,0.319,0.315,0.104,0.139
793,23,24,26,27,29,30,32,-0.0379,0.063,0.233,0.343,0.271,0.090,0.120
794,0,0,0,0,0,0,0,0.0332,0.116,0.207,0.412,0.203,0.062,0.085
795,0,0,0,0,0,0,0,-0.0428,0.079,0.241,0.401,0.210,0.069,0.092
796,61,64,68,72,76,80,85,0.0219,0.065,0.218,0.338,0.282,0.097,0.128
797,68,72,76,80,85,90,95,-0.0327,0.075,0.203,0.376,0.249,0.097,0.125
798,65,69,73,77,81,86,91,-0.0613,0.048,0.163,0.300,0.314,0.175,0.210
799,16,17,18,19,20,21,22,0.0810,0.073,0.177,0.367,0.304,0.079,0.113
800,47,50,53,56,59,62,66,-0.0114,0.061,0.190,0.360,0.247,0.142,0.170
801,47,50,53,56,59,62,66,-0.0049,0.078,0.178,0.430,0.243,0.072,0.099
802,26,27,29,31,32,34,36,-0.1386,0.088,0.275,0.378,0.169,0.088,0.107
803,62,66,69,73,78,82,87,0.0447,0.063,0.164,0.368,0.224,0.181,0.207
804,22,23,25,26,28,29,31,-0.0607,0.053,0.186,0.349,0.243,0.168,0.195
805,37,39,41,44,46,49,52,-0.0565,0.077,0.225,0.363,0.216,0.120,0.144
806,97,103,109,115,122,129,136,-0.0511,0.061,0.173,0.315,0.253,0.198,0.226
807,10,11,11,12,13,13,14,-0.0970,0.070,0.220,0.336,0.235,0.139,0.165
808,42,44,47,50,53,56,59,-0.1178,0.067,0.231,0.335,0.258,0.110,0.138
809,7,7,8,8,9,9,10,-0.0639,0.060,0.181,0.296,0.272,0.191,0.222
810,27,29,30,32,34,36,38,-0.0492,0.069,0.192,0.344,0.258,0.136,0.165
811,179,189,200,212,224,236,250,-0.0494,0.058,0.166,0.342,0.257,0.177,0.206
812,39,41,44,46,49,52,55,-0.0157,0.058,0.175,0.342,0.263,0.163,0.193
813,17,18,19,20,21,23,24,-0.0747,0.069,0.243,0.335,0.237,0.115,0.141
814,6,6,7,7,7,8,8,-0.0581,0.076,0.209,0.332,0.236,0.147,0.173
815,119,126,133,141,149,157,166,-0.1233,0.102,0.253,0.406,0.160,0.079,0.097
816,213,225,238,252,266,282,298,-0.1068,0.065,0.196,0.315,0.203,0.221,0.243
817,32,34,36,38,40,43,45,-0.0864,0.115,0.261,0.432,0.151,0.041,0.058
818,46,49,51,54,57,61,64,-0.0432,0.067,0.223,0.348,0.235,0.128,0.154
819,1,1,1,1,1,1,1,0.0050,0.085,0.206,0.414,0.217,0.078,0.102
820,52,55,58,62,65,69,73,0.0695,0.086,0.170,0.434,0.244,0.067,0.094
821,1094,1157,1223,1294,1368,1447,1530,0.0396,0.045,0.174,0.415,0.286,0.081,0.112
822,15,16,17,18,19,20,21,0.1077,0.039,0.160,0.239,0.356,0.207,0.246
823,49,52,55,58,62,65,69,0.0099,0.062,0.163,0.358,0.270,0.146,0.176
824,-1,-1,-1,-1,-1,-1,-1,0.0142,0.075,0.171,0.523,0.170,0.062,0.081
825,15,16,17,18,19,20,21,-0.0972,0.090,0.242,0.394,0.190,0.083,0.105
826,9,10,10,11,12,12,13,-0.0198,0.099,0.191,0.464,0.159,0.088,0.106
827,13,14,14,15,16,17,18,-0.0421,0.077,0.176,0.416,0.208,0.123,0.147
828,167,177,187,198,209,221,234,-0.0795,0.105,0.216,0.419,0.172,0.088,0.107
829,23,24,26,27,29,30,32,-0.0354,0.089,0.200,0.383,0.210,0.118,0.142
830,4,4,5,5,5,6,6,-0.1083,0.102,0.224,0.398,0.179,0.097,0.117
831,156,165,174,184,195,206,218,0.0030,0.107,0.208,0.405,0.194,0.087,0.108
832,4,4,5,5,5,6,6,-0.0926,0.059,0.201,0.317,0.238,0.185,0.211
833,27,29,30,32,34,36,38,-0.0623,0.057,0.204,0.307,0.254,0.178,0.206
834,5,5,6,6,6,7,7,-0.0495,0.049,0.177,0.291,0.256,0.227,0.256
835,19,20,21,23,24,25,27,-0.0569,0.065,0.204,0.341,0.246,0.143,0.171
836,13,14,14,15,16,17,18,-0.0723,0.073,0.175,0.332,0.225,0.195,0.220
837,446,472,499,528,558,590,624,-0.1070,0.086,0.191,0.406,0.211,0.106,0.129
838,37,39,41,44,46,49,52,-0.0813,0.077,0.158,0.377,0.209,0.178,0.201
839,148,157,166,175,185,196,207,-0.0566,0.066,0.145,0.366,0.205,0.218,0.241
840,115,122,129,136,144,152,161,0.0230,0.051,0.116,0.347,0.251,0.234,0.262
841,264,279,295,312,330,349,369,-0.0352,0.081,0.176,0.390,0.213,0.140,0.163
842,41,43,46,48,51,54,57,0.0214,0.084,0.150,0.405,0.212,0.150,0.173
843,127,134,142,150,159,168,178,0.0455,0.058,0.203,0.346,0.288,0.105,0.137
844,20,21,22,24,25,26,28,0.1435,0.059,0.182,0.302,0.351,0.105,0.144
845,107,113,120,127,134,142,150,0.0693,0.042,0.211,0.242,0.324,0.180,0.216
846,35,37,39,41,44,46,49,-0.0139,0.046,0.179,0.315,0.271,0.188,0.219
847,0,0,0,0,0,0,0,-0.0309,0.063,0.161,0.376,0.225,0.175,0.200
848,215,227,241,254,269,285,301,-0.0151,0.060,0.167,0.386,0.212,0.175,0.198
849,36,38,40,42,45,47,50,0.0049,0.058,0.197,0.274,0.271,0.199,0.230
850,14,15,16,17,18,19,20,0.0100,0.048,0.182,0.250,0.315,0.205,0.240
851,0,0,0,0,0,0,0,0.0566,0.040,0.184,0.227,0.339,0.210,0.248
852,7,7,8,8,9,9,10,0.0442,0.049,0.185,0.286,0.306,0.174,0.208
853,635,672,710,751,794,840,888,-0.0565,0.060,0.200,0.350,0.256,0.135,0.163
854,19,20,21,23,24,25,27,-0.0884,0.110,0.222,0.435,0.171,0.061,0.081
855,8,8,9,9,10,10,11,-0.1064,0.093,0.203,0.372,0.191,0.140,0.161
856,80,85,89,95,100,106,112,-0.0550,0.069,0.191,0.377,0.230,0.133,0.159
857,79,83,88,93,99,104,110,-0.1257,0.071,0.193,0.390,0.231,0.115,0.141
858,0,0,0,0,0,0,0,-0.0620,0.055,0.185,0.329,0.248,0.183,0.210
859,10,11,11,12,13,13,14,-0.0976,0.054,0.173,0.278,0.257,0.238,0.267
860,3,3,3,3,4,4,4,0.0106,0.064,0.138,0.345,0.263,0.191,0.220
861,23,24,26,27,29,30,32,-0.0764,0.054,0.186,0.297,0.246,0.217,0.244
862,144,152,161,170,180,190,201,-0.0200,0.057,0.143,0.367,0.223,0.210,0.235
863,12,13,13,14,15,16,17,-0.1025,0.063,0.169,0.329,0.268,0.172,0.202
864,6,6,7,7,7,8,8,0.0102,0.068,0.147,0.412,0.242,0.131,0.158
865,3,3,3,3,4,4,4,-0.0835,0.042,0.139,0.291,0.266,0.262,0.291
866,8,8,9,9,10,10,11,0.0094,0.039,0.137,0.267,0.291,0.266,0.298
867,1,1,1,1,1,1,1,-0.0188,0.040,0.146,0.278,0.298,0.238,0.271
868,7,7,8,8,9,9,10,-0.0227,0.071,0.175,0.341,0.269,0.143,0.173
869,178,188,199,211,223,235,249,-0.0113,0.054,0.147,0.327,0.270,0.202,0.233
870,1,1,1,1,1,1,1,-0.0934,0.071,0.148,0.398,0.231,0.152,0.178
871,233,246,261,276,291,308,326,-0.0465,0.058,0.132,0.361,0.234,0.215,0.241
872,13,14,14,15,16,17,18,-0.0645,0.075,0.185,0.346,0.244,0.149,0.176
873,5,5,6,6,6,7,7,-0.0745,0.072,0.195,0.356,0.253,0.124,0.153
874,0,0,0,0,0,0,0,0.0000,#DIV/0!,#DIV/0!,#DIV/0!,#DIV/0!,#DIV/0!,0.183
875,50,53,56,59,63,66,70,-0.2415,0.077,0.235,0.323,0.205,0.160,0.183
876,62,66,69,73,78,82,87,-0.2432,0.062,0.266,0.337,0.182,0.153,0.173
877,4,4,5,5,5,6,6,-0.2158,0.084,0.277,0.346,0.171,0.121,0.140
878,74,78,83,88,93,98,104,-0.1795,0.098,0.247,0.362,0.199,0.095,0.117
879,9,10,10,11,12,12,13,-0.1066,0.079,0.230,0.350,0.235,0.106,0.132
880,0,0,0,0,0,0,0,-0.2094,0.103,0.282,0.354,0.183,0.078,0.098
881,10,11,11,12,13,13,14,-0.1324,0.103,0.239,0.355,0.217,0.086,0.110
882,9,10,10,11,12,12,13,-0.0631,0.071,0.223,0.347,0.257,0.101,0.130
883,0,0,0,0,0,0,0,0.0227,0.043,0.139,0.245,0.351,0.222,0.261
884,24,25,27,29,30,32,34,0.0827,0.043,0.141,0.238,0.387,0.190,0.233
885,0,0,0,0,0,0,0,0.1489,0.046,0.139,0.279,0.370,0.166,0.208
886,18,19,20,21,22,24,25,0.0304,0.074,0.210,0.340,0.272,0.104,0.134
887,138,146,154,163,173,183,193,-0.0862,0.075,0.199,0.309,0.278,0.140,0.171
888,39,41,44,46,49,52,55,-0.1997,0.098,0.280,0.349,0.194,0.078,0.100
889,2,2,2,2,3,3,3,-0.1538,0.102,0.246,0.359,0.216,0.077,0.101
890,3,3,3,3,4,4,4,-0.2234,0.092,0.253,0.347,0.201,0.107,0.129
891,11,12,12,13,14,14,15,-0.2133,0.103,0.271,0.343,0.186,0.097,0.118
892,7,7,8,8,9,9,10,-0.1729,0.102,0.266,0.383,0.171,0.078,0.097
893,19,20,21,23,24,25,27,-0.2024,0.105,0.294,0.357,0.163,0.080,0.099
894,127,134,142,150,159,168,178,-0.1906,0.104,0.254,0.359,0.165,0.117,0.136
895,0,0,0,0,0,0,0,-0.2091,0.089,0.292,0.343,0.182,0.094,0.114
896,4,4,5,5,5,6,6,-0.1315,0.081,0.222,0.448,0.169,0.080,0.099
897,51,54,57,60,64,67,71,-0.1819,0.103,0.247,0.405,0.166,0.079,0.098
898,62,66,69,73,78,82,87,-0.1763,0.101,0.255,0.390,0.163,0.091,0.109
899,20,21,22,24,25,26,28,-0.2001,0.085,0.238,0.360,0.204,0.113,0.135
900,82,87,92,97,103,109,115,-0.1355,0.086,0.254,0.348,0.205,0.107,0.130
901,1,1,1,1,1,1,1,-0.0996,0.078,0.204,0.359,0.269,0.091,0.121
902,688,728,769,814,860,910,962,-0.0715,0.053,0.209,0.386,0.256,0.096,0.124
903,11,12,12,13,14,14,15,-0.0193,0.056,0.184,0.324,0.315,0.121,0.156
904,52,55,58,62,65,69,73,-0.1182,0.075,0.243,0.365,0.228,0.089,0.115
905,5,5,6,6,6,7,7,-0.1279,0.086,0.244,0.372,0.206,0.091,0.114
906,151,160,169,178,189,200,211,-0.0825,0.080,0.217,0.375,0.220,0.107,0.132
907,39,41,44,46,49,52,55,0.0905,0.058,0.154,0.349,0.305,0.135,0.168
908,8,8,9,9,10,10,11,0.0288,0.063,0.167,0.324,0.302,0.143,0.177
909,7,7,8,8,9,9,10,0.0323,0.062,0.160,0.343,0.285,0.150,0.182
910,40,42,45,47,50,53,56,0.0843,0.055,0.151,0.337,0.303,0.154,0.188
911,351,371,393,415,439,464,491,0.0479,0.041,0.119,0.304,0.324,0.212,0.248
912,0,0,0,0,0,0,0,0.1527,0.052,0.127,0.283,0.388,0.151,0.194
913,5,5,6,6,6,7,7,0.1497,0.056,0.104,0.318,0.380,0.142,0.184
914,0,0,0,0,0,0,0,0.1362,0.062,0.103,0.371,0.348,0.116,0.155
915,3,3,3,3,4,4,4,0.0739,0.058,0.120,0.296,0.357,0.168,0.208
916,159,168,178,188,199,210,222,0.0286,0.069,0.123,0.303,0.319,0.185,0.221
917,0,0,0,0,0,0,0,0.0959,0.051,0.250,0.203,0.372,0.124,0.165
918,2,2,2,2,3,3,3,0.1342,0.048,0.221,0.161,0.387,0.183,0.226
919,1,1,1,1,1,1,1,0.1130,0.046,0.126,0.233,0.384,0.212,0.254
920,1,1,1,1,1,1,1,0.1260,0.056,0.133,0.277,0.380,0.154,0.196
921,2,2,2,2,3,3,3,0.0643,0.065,0.128,0.389,0.289,0.130,0.162
922,1,1,1,1,1,1,1,0.0970,0.053,0.108,0.355,0.299,0.185,0.218
923,42,44,47,50,53,56,59,-0.0800,0.077,0.234,0.369,0.235,0.085,0.111
924,74,78,83,88,93,98,104,-0.1080,0.091,0.233,0.382,0.209,0.084,0.108
925,135,143,151,160,169,179,189,-0.1216,0.097,0.222,0.407,0.172,0.103,0.122
926,44,47,49,52,55,59,62,-0.1132,0.089,0.219,0.425,0.191,0.076,0.097
927,232,245,259,274,290,306,324,-0.1466,0.108,0.236,0.428,0.151,0.077,0.094
928,47,50,53,56,59,62,66,-0.1718,0.104,0.274,0.406,0.149,0.067,0.084
929,46,49,51,54,57,61,64,-0.1702,0.079,0.262,0.352,0.193,0.114,0.136
930,314,332,351,371,393,415,439,-0.1734,0.058,0.168,0.280,0.233,0.261,0.287
931,15,16,17,18,19,20,21,-0.0517,0.075,0.191,0.390,0.244,0.099,0.126
932,0,0,0,0,0,0,0,-0.0806,0.076,0.267,0.356,0.204,0.097,0.119
933,35,37,39,41,44,46,49,-0.1423,0.086,0.265,0.372,0.188,0.089,0.110
934,126,133,141,149,157,166,176,-0.0346,0.080,0.204,0.430,0.193,0.093,0.114
935,15,16,17,18,19,20,21,-0.0195,0.065,0.185,0.425,0.219,0.105,0.130
936,0,0,0,0,0,0,0,0.0191,0.060,0.190,0.434,0.228,0.089,0.114
937,2,2,2,2,3,3,3,0.1009,0.057,0.097,0.382,0.295,0.169,0.202
938,0,0,0,0,0,0,0,0.0951,0.063,0.154,0.249,0.373,0.161,0.203
939,16,17,18,19,20,21,22,0.1757,0.040,0.077,0.465,0.304,0.113,0.147
940,35,37,39,41,44,46,49,0.1564,0.037,0.081,0.488,0.288,0.106,0.139
941,163,172,182,193,204,216,228,0.1533,0.042,0.070,0.514,0.276,0.099,0.130
942,53,56,59,63,66,70,74,0.1096,0.026,0.045,0.523,0.241,0.165,0.192
943,12,13,13,14,15,16,17,0.1712,0.038,0.105,0.447,0.279,0.131,0.162
944,0,0,0,0,0,0,0,0.1294,0.043,0.092,0.477,0.240,0.148,0.175
945,31,33,35,37,39,41,43,0.0182,0.030,0.056,0.451,0.218,0.244,0.269
946,47,50,53,56,59,62,66,0.0860,0.062,0.114,0.321,0.294,0.208,0.241
947,5,5,6,6,6,7,7,0.0650,0.061,0.172,0.420,0.220,0.127,0.152
948,104,110,116,123,130,137,145,-0.0099,0.056,0.172,0.394,0.262,0.116,0.145
949,136,144,152,161,170,180,190,0.0084,0.054,0.139,0.267,0.310,0.229,0.264
950,0,0,0,0,0,0,0,-0.0115,0.055,0.153,0.336,0.296,0.160,0.193
951,0,0,0,0,0,0,0,0.0102,0.045,0.143,0.311,0.302,0.200,0.233
952,0,0,0,0,0,0,0,-0.0169,0.058,0.157,0.298,0.284,0.203,0.235
953,13,14,14,15,16,17,18,0.1131,0.063,0.194,0.258,0.367,0.118,0.159
954,320,338,358,379,400,424,448,0.0250,0.044,0.132,0.361,0.259,0.205,0.234
955,0,0,0,0,0,0,0,0.0477,0.047,0.161,0.425,0.245,0.122,0.149
956,79,83,88,93,99,104,110,0.0348,0.054,0.140,0.376,0.295,0.135,0.168
957,61,64,68,72,76,80,85,0.0337,0.050,0.125,0.372,0.260,0.194,0.222
958,131,139,146,155,164,173,183,0.0408,0.031,0.099,0.332,0.290,0.249,0.281
959,0,0,0,0,0,0,0,0.0285,0.055,0.154,0.371,0.274,0.147,0.177
960,28,30,31,33,35,37,39,-0.0025,0.042,0.151,0.335,0.296,0.177,0.210
961,0,0,0,0,0,0,0,-0.0035,0.144,0.246,0.577,0.032,0.001,0.005
962,-1,-1,-1,-1,-1,-1,-1,-0.0847,0.076,0.264,0.376,0.202,0.081,0.104
963,9,10,10,11,12,12,13,0.0544,0.041,0.131,0.417,0.293,0.118,0.150
964,615,650,688,727,769,813,860,0.2151,0.047,0.268,0.548,0.109,0.029,0.041
965,0,0,0,0,0,0,0,0.0127,0.064,0.249,0.417,0.188,0.083,0.104
966,17,18,19,20,21,23,24,0.2046,0.042,0.099,0.352,0.437,0.070,0.129
967,47,50,53,56,59,62,66,0.0903,0.017,0.000,0.631,0.319,0.033,0.069
968,92,97,103,109,115,122,129,-0.2098,0.020,0.076,0.198,0.250,0.456,0.483
969,985,1042,1102,1165,1232,1303,1378,-0.1895,0.015,0.050,0.535,0.304,0.095,0.129
970,312,330,349,369,390,412,436,-0.2152,0.032,0.065,0.306,0.349,0.247,0.286
971,81,86,91,96,101,107,113,-0.0501,0.023,0.042,0.427,0.252,0.256,0.284
972,51,54,57,60,64,67,71,0.0933,0.043,0.091,0.493,0.212,0.160,0.184
973,0,0,0,0,0,0,0,0.1510,0.044,0.049,0.500,0.283,0.125,0.156
974,133,141,149,157,166,176,186,0.0806,0.023,0.051,0.443,0.245,0.238,0.265
975,45,48,50,53,56,60,63,0.0738,0.043,0.106,0.489,0.248,0.113,0.141
976,150,159,168,177,188,199,210,0.0870,0.048,0.128,0.531,0.217,0.076,0.101
977,23,24,26,27,29,30,32,-0.0967,0.064,0.207,0.360,0.234,0.135,0.161
978,509,538,569,602,637,673,712,-0.2091,0.081,0.247,0.343,0.219,0.110,0.134
979,580,613,649,686,725,767,811,-0.1274,0.050,0.117,0.410,0.222,0.202,0.227
980,5,5,6,6,6,7,7,-0.0519,0.091,0.249,0.403,0.183,0.075,0.095
981,3,3,3,3,4,4,4,-0.0795,0.052,0.122,0.344,0.205,0.277,0.300
982,3,3,3,3,4,4,4,-0.1703,0.092,0.255,0.332,0.225,0.095,0.120
983,22,23,25,26,28,29,31,-0.1788,0.061,0.219,0.320,0.214,0.186,0.210
984,9,10,10,11,12,12,13,-0.0223,0.083,0.152,0.340,0.254,0.171,0.198
985,40,42,45,47,50,53,56,-0.1573,0.097,0.277,0.326,0.222,0.078,0.103
986,12,13,13,14,15,16,17,-0.1844,0.080,0.287,0.336,0.186,0.112,0.133
987,1,1,1,1,1,1,1,-0.1786,0.083,0.285,0.342,0.189,0.100,0.121
988,106,112,118,125,132,140,148,-0.0275,0.076,0.238,0.383,0.222,0.081,0.106
989,58,61,65,69,72,77,81,-0.1515,0.099,0.242,0.390,0.193,0.076,0.097
990,415,439,464,491,519,549,580,-0.1852,0.078,0.217,0.361,0.248,0.096,0.124
991,73,77,82,86,91,96,102,-0.1874,0.036,0.084,0.493,0.270,0.117,0.147
992,2,2,2,2,3,3,3,-0.0362,0.056,0.166,0.364,0.272,0.141,0.171
993,154,163,172,182,192,203,215,-0.0325,0.050,0.174,0.374,0.264,0.139,0.168
994,6,6,7,7,7,8,8,-0.1134,0.059,0.186,0.395,0.228,0.132,0.158
995,146,154,163,173,182,193,204,-0.0285,0.068,0.194,0.441,0.205,0.091,0.114
996,167,177,187,198,209,221,234,-0.0318,0.052,0.170,0.361,0.238,0.180,0.207
997,6,6,7,7,7,8,8,0.0285,0.036,0.171,0.402,0.236,0.155,0.182
998,39,41,44,46,49,52,55,0.1529,0.052,0.082,0.480,0.272,0.114,0.144
999,70,74,78,83,88,93,98,0.1344,0.045,0.088,0.410,0.331,0.127,0.164
1000,33,35,37,39,41,44,46,0.1122,0.046,0.089,0.506,0.257,0.103,0.131
1001,126,133,141,149,157,166,176,0.0637,0.047,0.119,0.481,0.225,0.129,0.154
1002,118,125,132,140,148,156,165,0.1210,0.039,0.132,0.457,0.268,0.105,0.134
1003,44,47,49,52,55,59,62,0.1306,0.036,0.108,0.472,0.277,0.106,0.137
1004,1,1,1,1,1,1,1,0.1423,0.043,0.136,0.266,0.379,0.176,0.218
1005,2,2,2,2,3,3,3,0.1635,0.038,0.080,0.257,0.421,0.204,0.251
1006,627,663,701,742,784,829,877,-0.0548,0.021,0.212,0.405,0.213,0.149,0.173
1007,1948,2060,2179,2304,2437,2577,2725,0.0024,0.018,0.181,0.689,0.082,0.031,0.041
1008,5434,5747,6077,6427,6797,7188,7601,-0.1842,0.005,0.302,0.633,0.046,0.015,0.021
1009,87,92,97,103,109,115,122,0.0124,0.016,0.099,0.712,0.130,0.043,0.058
1010,51,54,57,60,64,67,71,0.0986,0.036,0.115,0.482,0.281,0.086,0.117
1011,219,232,245,259,274,289,306,0.0319,0.030,0.114,0.447,0.242,0.168,0.195
1012,122,129,137,144,153,162,171,0.0130,0.053,0.155,0.434,0.244,0.114,0.141
1013,0,0,0,0,0,0,0,-0.0422,0.055,0.153,0.357,0.242,0.192,0.219
1014,304,321,340,359,380,402,425,-0.0385,0.056,0.149,0.437,0.275,0.083,0.114
1015,85,90,95,101,106,113,119,-0.0311,0.067,0.185,0.409,0.245,0.093,0.121
1016,173,183,193,205,216,229,242,0.0174,0.050,0.132,0.396,0.263,0.159,0.188
1017,139,147,155,164,174,184,194,0.1396,0.044,0.103,0.461,0.270,0.122,0.152
1018,286,302,320,338,358,378,400,-0.0682,0.009,0.084,0.663,0.168,0.077,0.096
1019,1180,1248,1320,1395,1476,1560,1650,-0.3914,0.000,0.486,0.496,0.018,0.000,0.002
1020,1720,1819,1924,2034,2151,2275,2406,-0.0494,0.019,0.128,0.609,0.181,0.063,0.084
1021,6,6,7,7,7,8,8,0.0874,0.015,0.079,0.632,0.199,0.074,0.096
1022,2,2,2,2,3,3,3,0.1428,0.042,0.113,0.474,0.274,0.096,0.127
1023,66,70,74,78,82,87,92,0.0839,0.043,0.114,0.448,0.286,0.109,0.141
1024,0,0,0,0,0,0,0,-0.0029,0.057,0.146,0.412,0.253,0.133,0.161
1025,8,8,9,9,10,10,11,0.0675,0.048,0.121,0.358,0.335,0.138,0.175
1026,0,0,0,0,0,0,0,0.1374,0.058,0.129,0.351,0.324,0.138,0.174
1027,48,51,54,57,60,63,67,0.0970,0.033,0.092,0.455,0.279,0.141,0.173
1028,8,8,9,9,10,10,11,0.1119,0.036,0.092,0.272,0.380,0.220,0.262
1029,22,23,25,26,28,29,31,0.1584,0.041,0.112,0.260,0.387,0.200,0.243
1030,0,0,0,0,0,0,0,0.1653,0.049,0.117,0.225,0.407,0.202,0.247
1031,0,0,0,0,0,0,0,0.1579,0.045,0.140,0.210,0.411,0.194,0.240
1032,0,0,0,0,0,0,0,0.1320,0.041,0.127,0.263,0.385,0.184,0.227
1033,0,0,0,0,0,0,0,0.1355,0.050,0.127,0.260,0.390,0.173,0.217
1034,8,8,9,9,10,10,11,0.0499,0.055,0.188,0.253,0.353,0.151,0.190
1035,0,0,0,0,0,0,0,0.0298,0.049,0.194,0.281,0.341,0.135,0.173
1036,5,5,6,6,6,7,7,0.0174,0.042,0.159,0.378,0.264,0.156,0.186
1037,10,11,11,12,13,13,14,0.0565,0.052,0.176,0.347,0.286,0.138,0.170
1038,38,40,42,45,47,50,53,-0.1385,0.170,0.167,0.618,0.037,0.008,0.013
1039,21,22,23,25,26,27,29,0.0414,0.037,0.139,0.400,0.279,0.144,0.175
1040,45,48,50,53,56,60,63,0.0157,0.043,0.087,0.489,0.235,0.146,0.174
1041,1,1,1,1,1,1,1,0.0297,0.042,0.103,0.388,0.258,0.209,0.240
1042,11,12,12,13,14,14,15,0.0237,0.035,0.103,0.245,0.344,0.272,0.314
1043,0,0,0,0,0,0,0,0.0800,0.043,0.113,0.235,0.345,0.265,0.306
1044,0,0,0,0,0,0,0,0.0941,0.041,0.113,0.243,0.325,0.279,0.318
1045,0,0,0,0,0,0,0,0.0279,0.027,0.109,0.221,0.309,0.335,0.372
1046,2,2,2,2,3,3,3,0.1046,0.039,0.099,0.253,0.308,0.300,0.337
1047,13,14,14,15,16,17,18,0.0260,0.043,0.115,0.303,0.257,0.281,0.312
1048,11,12,12,13,14,14,15,0.0434,0.042,0.111,0.390,0.262,0.195,0.226
1049,7,7,8,8,9,9,10,0.0638,0.043,0.120,0.365,0.281,0.191,0.225
1050,34,36,38,40,43,45,48,-0.0821,0.066,0.241,0.320,0.230,0.143,0.171
1051,4,4,5,5,5,6,6,0.0533,0.048,0.115,0.397,0.206,0.233,0.257
1052,0,0,0,0,0,0,0,0.0375,0.032,0.114,0.258,0.278,0.318,0.351
1053,4,4,5,5,5,6,6,0.0225,0.038,0.118,0.254,0.323,0.267,0.306
1054,9,10,10,11,12,12,13,0.0071,0.062,0.147,0.300,0.301,0.190,0.226
1055,4,4,5,5,5,6,6,-0.0350,0.063,0.182,0.351,0.268,0.136,0.168
1056,20,21,22,24,25,26,28,-0.0942,0.067,0.171,0.332,0.248,0.182,0.211
1057,11,12,12,13,14,14,15,-0.1867,0.119,0.261,0.405,0.155,0.060,0.079
1058,202,214,226,239,253,268,283,-0.1628,0.080,0.236,0.338,0.215,0.131,0.157
1059,3,3,3,3,4,4,4,0.0677,0.074,0.157,0.452,0.242,0.075,0.104
1060,92,97,103,109,115,122,129,-0.2014,0.089,0.246,0.320,0.197,0.148,0.172
1061,180,190,201,213,225,238,252,-0.1251,0.106,0.250,0.390,0.174,0.080,0.101
1062,4,4,5,5,5,6,6,0.1280,0.033,0.076,0.302,0.406,0.183,0.232
1063,7,7,8,8,9,9,10,-0.1632,0.091,0.277,0.345,0.171,0.116,0.136
1064,30,32,34,35,38,40,42,-0.1693,0.076,0.244,0.370,0.207,0.103,0.128
1065,23,24,26,27,29,30,32,-0.1130,0.067,0.218,0.350,0.223,0.142,0.169
1066,394,417,441,466,493,521,551,-0.1492,0.069,0.175,0.338,0.209,0.210,0.235
1067,40,42,45,47,50,53,56,-0.1996,0.099,0.267,0.394,0.163,0.077,0.097
1068,113,119,126,134,141,149,158,-0.1731,0.105,0.298,0.349,0.161,0.088,0.108
1069,723,765,808,855,904,956,1011,-0.0549,0.051,0.137,0.504,0.220,0.088,0.115
1070,6,6,7,7,7,8,8,-0.0781,0.067,0.251,0.347,0.222,0.113,0.139
1071,0,0,0,0,0,0,0,-0.1161,0.087,0.252,0.380,0.194,0.088,0.111
1072,7,7,8,8,9,9,10,-0.1495,0.085,0.244,0.364,0.198,0.109,0.133
1073,27,29,30,32,34,36,38,-0.0715,0.052,0.177,0.359,0.259,0.153,0.184
1074,22,23,25,26,28,29,31,-0.0147,0.053,0.188,0.322,0.303,0.133,0.170
1075,2,2,2,2,3,3,3,0.0046,0.059,0.185,0.364,0.276,0.118,0.151
1076,4,4,5,5,5,6,6,0.0495,0.043,0.137,0.298,0.345,0.177,0.218
1077,61,64,68,72,76,80,85,0.0292,0.057,0.178,0.338,0.275,0.153,0.186
1078,23,24,26,27,29,30,32,-0.0217,0.057,0.183,0.311,0.265,0.184,0.216
1079,46,49,51,54,57,61,64,0.0234,0.040,0.176,0.266,0.336,0.181,0.222
1080,13,14,14,15,16,17,18,-0.0571,0.058,0.201,0.333,0.264,0.144,0.176
1081,14,15,16,17,18,19,20,-0.1009,0.058,0.224,0.319,0.250,0.148,0.178
1082,18,19,20,21,22,24,25,-0.0508,0.054,0.193,0.337,0.268,0.148,0.180
1083,10,11,11,12,13,13,14,-0.0327,0.061,0.189,0.347,0.273,0.130,0.163
1084,42,44,47,50,53,56,59,0.0477,0.042,0.197,0.267,0.337,0.158,0.198
1085,12,13,13,14,15,16,17,0.0942,0.045,0.237,0.300,0.331,0.087,0.127
1086,28,30,31,33,35,37,39,0.0114,0.051,0.201,0.311,0.316,0.121,0.159
1087,10,11,11,12,13,13,14,0.1282,0.050,0.199,0.307,0.338,0.106,0.146
1088,29,31,33,34,37,39,41,0.0983,0.055,0.234,0.307,0.314,0.090,0.128
1089,12,13,13,14,15,16,17,-0.0447,0.074,0.208,0.312,0.238,0.168,0.197
1090,0,0,0,0,0,0,0,0.1034,0.036,0.136,0.304,0.334,0.191,0.231
1091,41,43,46,48,51,54,57,0.0267,0.048,0.140,0.324,0.279,0.210,0.243
1092,645,682,721,763,807,853,902,-0.2186,0.033,0.103,0.580,0.219,0.065,0.092
1093,131,139,146,155,164,173,183,0.0193,0.049,0.141,0.392,0.265,0.153,0.185
1094,64,68,72,76,80,85,90,0.0540,0.054,0.188,0.364,0.264,0.130,0.162
1095,1,1,1,1,1,1,1,-0.0722,0.061,0.202,0.358,0.262,0.116,0.148
1096,66,70,74,78,82,87,92,0.0921,0.062,0.173,0.409,0.283,0.073,0.107
1097,76,80,85,90,95,100,106,-0.0006,0.086,0.189,0.432,0.239,0.053,0.082
1098,1,1,1,1,1,1,1,0.0018,0.094,0.203,0.450,0.202,0.052,0.076
1099,16,17,18,19,20,21,22,0.0485,0.056,0.197,0.327,0.291,0.129,0.164
1100,10,11,11,12,13,13,14,0.1394,0.068,0.177,0.321,0.335,0.099,0.139
1101,1,1,1,1,1,1,1,0.1049,0.044,0.190,0.234,0.379,0.152,0.198
1102,0,0,0,0,0,0,0,0.0973,0.047,0.224,0.258,0.381,0.090,0.136
1103,8,8,9,9,10,10,11,0.0228,0.057,0.204,0.300,0.307,0.133,0.169
1104,1,1,1,1,1,1,1,0.0945,0.049,0.239,0.280,0.357,0.074,0.117
1105,0,0,0,0,0,0,0,0.1955,0.062,0.182,0.341,0.295,0.120,0.156
1106,12,13,13,14,15,16,17,0.0765,0.057,0.182,0.383,0.259,0.119,0.150
1107,5,5,6,6,6,7,7,0.0444,0.061,0.165,0.328,0.229,0.217,0.244
1108,64,68,72,76,80,85,90,-0.0059,0.048,0.185,0.299,0.292,0.176,0.211
1109,71,75,79,84,89,94,99,-0.0020,0.058,0.183,0.314,0.256,0.189,0.220
1110,108,114,121,128,135,143,151,0.0267,0.060,0.166,0.350,0.266,0.158,0.190
1111,35,37,39,41,44,46,49,0.0274,0.061,0.188,0.358,0.251,0.141,0.171
1112,45,48,50,53,56,60,63,0.0249,0.063,0.189,0.371,0.249,0.129,0.159
1113,107,113,120,127,134,142,150,-0.0714,0.033,0.060,0.339,0.167,0.401,0.421
1114,0,0,0,0,0,0,0,-0.0870,0.098,0.173,0.513,0.157,0.060,0.078
1115,0,0,0,0,0,0,0,-0.0723,0.091,0.216,0.486,0.156,0.051,0.070
1116,27,29,30,32,34,36,38,-0.0207,0.055,0.167,0.349,0.253,0.176,0.206
1117,31,33,35,37,39,41,43,0.0652,0.057,0.176,0.309,0.310,0.148,0.185
1118,275,291,308,325,344,364,385,0.0018,0.047,0.147,0.337,0.274,0.196,0.229
1119,31,33,35,37,39,41,43,0.0183,0.065,0.182,0.353,0.248,0.152,0.182
1120,7,7,8,8,9,9,10,-0.1072,0.093,0.215,0.436,0.170,0.086,0.106
1121,162,171,181,192,203,215,227,0.0411,0.043,0.108,0.416,0.229,0.205,0.232
1122,85,90,95,101,106,113,119,-0.0555,0.058,0.173,0.323,0.248,0.198,0.227
1123,42,44,47,50,53,56,59,0.0154,0.050,0.163,0.437,0.257,0.094,0.125
1124,417,441,466,493,521,551,583,0.0211,0.043,0.179,0.282,0.333,0.162,0.202
1125,9,10,10,11,12,12,13,0.0931,0.045,0.186,0.270,0.338,0.161,0.202
1126,11,12,12,13,14,14,15,0.1280,0.046,0.170,0.286,0.386,0.112,0.159
1127,10,11,11,12,13,13,14,0.0388,0.050,0.155,0.296,0.290,0.209,0.244
1128,16,17,18,19,20,21,22,-0.0177,0.064,0.171,0.329,0.275,0.161,0.194
1129,222,235,248,263,278,294,311,0.0290,0.061,0.154,0.318,0.265,0.201,0.233
1130,38,40,42,45,47,50,53,0.0406,0.054,0.152,0.243,0.338,0.214,0.254
1131,15,16,17,18,19,20,21,0.1184,0.048,0.196,0.230,0.382,0.144,0.190
1132,16,17,18,19,20,21,22,0.0349,0.053,0.190,0.196,0.346,0.216,0.257
1133,30,32,34,35,38,40,42,0.0821,0.048,0.148,0.283,0.359,0.162,0.205
1134,209,221,234,247,261,276,292,-0.0047,0.056,0.144,0.389,0.244,0.168,0.197
1135,3,3,3,3,4,4,4,0.0692,0.033,0.098,0.398,0.295,0.176,0.212
1136,2,2,2,2,3,3,3,0.0693,0.033,0.098,0.398,0.295,0.176,0.212
1137,89,94,99,105,111,117,124,0.0192,0.045,0.156,0.264,0.325,0.211,0.250
1138,27,29,30,32,34,36,38,0.0353,0.049,0.186,0.256,0.325,0.184,0.223
1139,6,6,7,7,7,8,8,0.0591,0.051,0.221,0.232,0.374,0.122,0.167
1140,26,27,29,31,32,34,36,0.0082,0.038,0.188,0.193,0.308,0.273,0.310
1141,45,48,50,53,56,60,63,-0.0040,0.044,0.189,0.224,0.329,0.215,0.254
1142,6,6,7,7,7,8,8,0.0591,0.045,0.189,0.239,0.364,0.162,0.206
1143,140,148,157,166,175,185,196,-0.0173,0.037,0.133,0.249,0.288,0.294,0.329
1144,10,11,11,12,13,13,14,0.0612,0.050,0.145,0.326,0.273,0.206,0.239
1145,38,40,42,45,47,50,53,0.0965,0.041,0.088,0.513,0.216,0.141,0.167
1146,22,23,25,26,28,29,31,0.0963,0.041,0.088,0.513,0.216,0.141,0.167
1147,352,372,394,416,440,465,492,-0.0255,0.045,0.143,0.198,0.294,0.320,0.356
1148,115,122,129,136,144,152,161,-0.3742,0.001,0.001,0.009,0.073,0.916,0.925
1149,30,32,34,35,38,40,42,0.0820,0.052,0.161,0.302,0.331,0.154,0.194
1150,50,53,56,59,63,66,70,0.0645,0.047,0.185,0.296,0.291,0.181,0.216
1151,8,8,9,9,10,10,11,0.0457,0.051,0.216,0.216,0.333,0.185,0.225
1152,1,1,1,1,1,1,1,0.0862,0.036,0.167,0.302,0.331,0.165,0.205
1153,8,8,9,9,10,10,11,0.0448,0.043,0.186,0.193,0.352,0.226,0.269
1154,42,44,47,50,53,56,59,0.0725,0.042,0.175,0.166,0.348,0.269,0.311
1155,0,0,0,0,0,0,0,0.0878,0.046,0.171,0.231,0.370,0.182,0.226
1156,1,1,1,1,1,1,1,0.0781,0.051,0.197,0.231,0.344,0.177,0.218
1157,143,151,160,169,179,189,200,0.0042,0.025,0.137,0.151,0.324,0.363,0.402
1158,37,39,41,44,46,49,52,0.0117,0.044,0.178,0.251,0.309,0.218,0.256
1159,973,1029,1088,1151,1217,1287,1361,0.1207,0.025,0.296,0.301,0.264,0.114,0.146
1160,572,605,640,676,715,756,800,-0.0049,0.044,0.218,0.192,0.358,0.189,0.232
1161,38,40,42,45,47,50,53,0.0891,0.055,0.176,0.261,0.331,0.176,0.216
1162,0,0,0,0,0,0,0,0.0442,0.057,0.152,0.286,0.326,0.180,0.220
1163,0,0,0,0,0,0,0,0.0647,0.055,0.190,0.208,0.387,0.159,0.206
1164,28,30,31,33,35,37,39,0.0678,0.054,0.204,0.195,0.386,0.162,0.209
1165,4,4,5,5,5,6,6,0.0742,0.052,0.205,0.214,0.363,0.165,0.209
1166,5,5,6,6,6,7,7,0.0801,0.066,0.221,0.268,0.343,0.102,0.143
1167,6,6,7,7,7,8,8,0.0724,0.059,0.197,0.244,0.371,0.128,0.172
1168,0,0,0,0,0,0,0,0.1127,0.059,0.123,0.398,0.346,0.074,0.115
1169,33,35,37,39,41,44,46,0.0624,0.059,0.215,0.287,0.308,0.131,0.168
1170,0,0,0,0,0,0,0,0.0618,0.059,0.149,0.416,0.288,0.088,0.123
1171,19,20,21,23,24,25,27,0.0840,0.072,0.239,0.337,0.301,0.052,0.088
1172,29,31,33,34,37,39,41,0.0555,0.071,0.197,0.361,0.279,0.092,0.125
1173,3,3,3,3,4,4,4,0.0955,0.071,0.218,0.342,0.308,0.061,0.098
1174,17,18,19,20,21,23,24,0.0321,0.069,0.198,0.285,0.286,0.161,0.196
1175,0,0,0,0,0,0,0,0.0688,0.062,0.186,0.396,0.304,0.051,0.088
1176,349,369,390,413,436,461,488,0.0594,0.064,0.219,0.288,0.342,0.088,0.129
1177,194,205,217,229,242,256,271,-0.0556,0.061,0.183,0.325,0.317,0.113,0.152
1178,87,92,97,103,109,115,122,-0.1281,0.087,0.224,0.354,0.208,0.127,0.152
1179,112,118,125,133,140,148,157,-0.1986,0.088,0.249,0.362,0.196,0.105,0.129
1180,15,16,17,18,19,20,21,-0.1098,0.080,0.255,0.363,0.211,0.091,0.117
1181,15,16,17,18,19,20,21,-0.1275,0.030,0.136,0.244,0.358,0.232,0.275
1182,73,77,82,86,91,96,102,-0.0367,0.077,0.274,0.380,0.201,0.069,0.093
1183,2,2,2,2,3,3,3,-0.0386,0.062,0.205,0.314,0.270,0.150,0.183
1184,9,10,10,11,12,12,13,0.0537,0.072,0.281,0.354,0.251,0.042,0.072
1185,21,22,23,25,26,27,29,-0.0467,0.089,0.268,0.386,0.204,0.053,0.078
1186,100,106,112,118,125,132,140,0.0295,0.077,0.266,0.351,0.231,0.075,0.103
1187,9,10,10,11,12,12,13,0.0037,0.064,0.227,0.319,0.273,0.117,0.150
1188,156,165,174,184,195,206,218,-0.0934,0.072,0.190,0.320,0.210,0.208,0.233
1189,157,166,176,186,197,208,220,-0.0915,0.090,0.226,0.390,0.183,0.111,0.133
1190,0,0,0,0,0,0,0,-0.0749,0.116,0.261,0.418,0.157,0.048,0.067
1191,0,0,0,0,0,0,0,-0.0880,0.077,0.223,0.346,0.215,0.138,0.164
1192,10,11,11,12,13,13,14,-0.0001,0.057,0.246,0.323,0.275,0.099,0.132
1193,16,17,18,19,20,21,22,-0.0143,0.075,0.209,0.375,0.230,0.111,0.139
1194,7,7,8,8,9,9,10,0.0280,0.053,0.222,0.285,0.300,0.140,0.176
1195,85,90,95,101,106,113,119,0.0194,0.082,0.250,0.371,0.242,0.055,0.084
1196,28,30,31,33,35,37,39,-0.0222,0.056,0.201,0.363,0.268,0.112,0.144
1197,59,62,66,70,74,78,83,-0.1211,0.098,0.246,0.332,0.213,0.111,0.137
1198,92,97,103,109,115,122,129,-0.0247,0.069,0.215,0.368,0.242,0.107,0.136
1199,8,8,9,9,10,10,11,-0.1415,0.068,0.199,0.311,0.212,0.209,0.235
1200,45,48,50,53,56,60,63,-0.0489,0.073,0.227,0.377,0.239,0.084,0.112
1201,7,7,8,8,9,9,10,-0.1196,0.083,0.279,0.348,0.209,0.081,0.106
1202,3,3,3,3,4,4,4,-0.1194,0.083,0.279,0.348,0.209,0.081,0.106
1203,26,27,29,31,32,34,36,-0.1271,0.091,0.241,0.367,0.189,0.111,0.134
1204,47,50,53,56,59,62,66,-0.1125,0.084,0.257,0.305,0.177,0.177,0.198
1205,33,35,37,39,41,44,46,0.0011,0.062,0.174,0.345,0.279,0.140,0.174
1206,0,0,0,0,0,0,0,-0.1514,0.094,0.262,0.380,0.169,0.096,0.117
1207,2,2,2,2,3,3,3,-0.0948,0.079,0.248,0.356,0.240,0.077,0.106
1208,89,94,99,105,111,117,124,-0.1403,0.090,0.233,0.361,0.203,0.113,0.137
1209,10,11,11,12,13,13,14,-0.0736,0.094,0.258,0.399,0.184,0.064,0.086
1210,5,5,6,6,6,7,7,-0.1541,0.080,0.267,0.369,0.204,0.080,0.105
1211,14,15,16,17,18,19,20,0.0217,0.061,0.197,0.328,0.312,0.103,0.139
1212,5,5,6,6,6,7,7,0.0573,0.030,0.135,0.239,0.355,0.241,0.283
1213,6,6,7,7,7,8,8,0.0294,0.053,0.203,0.276,0.350,0.118,0.159
1214,0,0,0,0,0,0,0,0.0460,0.055,0.191,0.291,0.354,0.109,0.150
1215,1,1,1,1,1,1,1,0.0355,0.058,0.200,0.290,0.345,0.108,0.149
1216,1,1,1,1,1,1,1,0.1214,0.051,0.229,0.273,0.350,0.096,0.137
1217,0,0,0,0,0,0,0,0.0863,0.064,0.272,0.288,0.316,0.061,0.098
1218,21,22,23,25,26,27,29,0.1092,0.058,0.192,0.335,0.318,0.098,0.135
1219,25,26,28,30,31,33,35,0.0453,0.046,0.191,0.274,0.332,0.157,0.196
1220,19,20,21,23,24,25,27,0.1366,0.061,0.207,0.318,0.331,0.084,0.123
1221,21,22,23,25,26,27,29,-0.0583,0.079,0.237,0.332,0.240,0.112,0.141
1222,459,485,513,543,574,607,642,-0.0907,0.076,0.166,0.331,0.264,0.163,0.194
1223,17,18,19,20,21,23,24,-0.1341,0.081,0.206,0.307,0.245,0.161,0.190
1224,222,235,248,263,278,294,311,-0.1529,0.090,0.177,0.306,0.197,0.230,0.253
1225,0,0,0,0,0,0,0,0.0075,0.079,0.176,0.380,0.250,0.116,0.145
1226,12,13,13,14,15,16,17,-0.0840,0.085,0.225,0.354,0.220,0.116,0.142
1227,9,10,10,11,12,12,13,-0.0203,0.076,0.179,0.336,0.270,0.139,0.170
1228,32,34,36,38,40,43,45,-0.0696,0.057,0.204,0.283,0.261,0.195,0.225
1229,56,59,63,66,70,74,78,-0.0927,0.069,0.181,0.284,0.247,0.220,0.249
1230,52,55,58,62,65,69,73,0.0519,0.052,0.184,0.269,0.302,0.193,0.229
1231,71,75,79,84,89,94,99,-0.0700,0.051,0.194,0.291,0.240,0.225,0.253
1232,15,16,17,18,19,20,21,-0.1116,0.068,0.211,0.323,0.238,0.158,0.186
1233,0,0,0,0,0,0,0,0.0418,0.058,0.159,0.265,0.304,0.214,0.250
1234,3,3,3,3,4,4,4,-0.0633,0.095,0.198,0.366,0.217,0.125,0.150
1235,7,7,8,8,9,9,10,-0.0053,0.091,0.192,0.396,0.244,0.078,0.106
1236,46,49,51,54,57,61,64,-0.0334,0.085,0.191,0.356,0.273,0.094,0.126
1237,1,1,1,1,1,1,1,-0.0298,0.079,0.241,0.377,0.223,0.079,0.106
1238,0,0,0,0,0,0,0,0.3084,0.022,0.206,0.706,0.043,0.023,0.028
1239,45,48,50,53,56,60,63,0.0715,0.056,0.226,0.282,0.318,0.118,0.155
1240,53,56,59,63,66,70,74,-0.0893,0.064,0.206,0.298,0.267,0.165,0.196
1241,39,41,44,46,49,52,55,-0.0617,0.061,0.129,0.271,0.240,0.298,0.326
1242,11,12,12,13,14,14,15,-0.0389,0.061,0.167,0.295,0.259,0.217,0.248
1243,374,395,418,442,468,495,523,-0.0651,0.063,0.181,0.308,0.249,0.199,0.228
1244,38,40,42,45,47,50,53,-0.0741,0.063,0.240,0.305,0.271,0.121,0.153
1245,17,18,19,20,21,23,24,0.0001,0.065,0.238,0.301,0.264,0.132,0.163
1246,38,40,42,45,47,50,53,0.0760,0.075,0.205,0.357,0.278,0.085,0.117
1247,1,1,1,1,1,1,1,-0.0084,0.098,0.251,0.392,0.215,0.043,0.068
1248,3,3,3,3,4,4,4,0.0359,0.079,0.166,0.284,0.323,0.148,0.186
1249,5,5,6,6,6,7,7,0.0095,0.041,0.199,0.243,0.338,0.178,0.218
1250,6,6,7,7,7,8,8,-0.0322,0.078,0.244,0.370,0.227,0.081,0.107
1251,29,31,33,34,37,39,41,-0.0271,0.077,0.210,0.343,0.272,0.098,0.130
1252,908,960,1015,1074,1136,1201,1270,0.0006,0.138,0.233,0.602,0.023,0.004,0.007
1253,0,0,0,0,0,0,0,-0.0504,0.071,0.264,0.393,0.230,0.042,0.069
1254,2,2,2,2,3,3,3,-0.0109,0.069,0.259,0.343,0.261,0.068,0.099
1255,8,8,9,9,10,10,11,-0.0475,0.068,0.257,0.332,0.250,0.093,0.122
1256,1,1,1,1,1,1,1,-0.0419,0.061,0.204,0.302,0.273,0.160,0.192
1257,19,20,21,23,24,25,27,-0.0838,0.085,0.219,0.342,0.242,0.112,0.140
1258,6,6,7,7,7,8,8,-0.1311,0.091,0.236,0.331,0.213,0.129,0.154
1259,33,35,37,39,41,44,46,-0.1842,0.090,0.205,0.337,0.205,0.163,0.187
1260,14,15,16,17,18,19,20,-0.1451,0.103,0.243,0.358,0.187,0.110,0.131
1261,0,0,0,0,0,0,0,-0.0255,0.086,0.250,0.386,0.223,0.056,0.082
1262,740,783,828,875,925,979,1035,-0.2283,0.065,0.151,0.508,0.185,0.090,0.111
1263,117,124,131,139,147,155,164,-0.1342,0.077,0.193,0.319,0.203,0.208,0.232
1264,83,88,93,98,104,110,116,-0.1405,0.110,0.199,0.372,0.202,0.117,0.140
1265,181,191,202,214,226,239,253,-0.0932,0.088,0.217,0.341,0.198,0.155,0.179
1266,105,111,117,124,131,139,147,-0.1228,0.075,0.244,0.323,0.201,0.157,0.180
1267,0,0,0,0,0,0,0,0.0618,0.047,0.202,0.254,0.369,0.128,0.171
1268,31,33,35,37,39,41,43,0.0699,0.063,0.194,0.278,0.327,0.138,0.176
1269,117,124,131,139,147,155,164,0.0028,0.051,0.168,0.275,0.253,0.253,0.282
1270,129,136,144,152,161,170,180,0.0022,0.058,0.226,0.328,0.294,0.094,0.128
1271,0,0,0,0,0,0,0,0.0051,0.088,0.246,0.386,0.228,0.051,0.078
1272,7810,8259,8734,9237,9768,10330,10924,0.0000,0.000,0.007,0.732,0.220,0.040,0.066
1273,4,4,5,5,5,6,6,0.0488,0.028,0.094,0.574,0.260,0.044,0.075
1274,0,0,0,0,0,0,0,-0.0040,0.074,0.224,0.368,0.226,0.108,0.135
1275,1,1,1,1,1,1,1,0.0965,0.074,0.223,0.401,0.239,0.064,0.092
1276,0,0,0,0,0,0,0,0.0238,0.063,0.249,0.370,0.257,0.061,0.091
1277,11,12,12,13,14,14,15,0.0117,0.073,0.265,0.344,0.249,0.069,0.098
1278,0,0,0,0,0,0,0,0.0825,0.065,0.252,0.348,0.271,0.063,0.095
1279,21,22,23,25,26,27,29,0.0269,0.048,0.183,0.269,0.364,0.135,0.178
1280,104,110,116,123,130,137,145,-0.0312,0.041,0.177,0.236,0.248,0.298,0.327
1281,0,0,0,0,0,0,0,-0.0094,0.083,0.202,0.410,0.193,0.112,0.135
1282,4,4,5,5,5,6,6,-0.0124,0.095,0.243,0.374,0.224,0.064,0.090
1283,63,67,70,74,79,83,88,-0.0342,0.065,0.213,0.324,0.218,0.179,0.205
1284,20,21,22,24,25,26,28,-0.0404,0.053,0.167,0.287,0.287,0.204,0.238
1285,5,5,6,6,6,7,7,0.0745,0.041,0.181,0.226,0.396,0.155,0.202
1286,8,8,9,9,10,10,11,0.0564,0.041,0.184,0.231,0.410,0.134,0.182
1287,15,16,17,18,19,20,21,-0.0165,0.063,0.220,0.315,0.283,0.118,0.151
1288,1,1,1,1,1,1,1,-0.0010,0.084,0.231,0.344,0.259,0.082,0.113
1289,0,0,0,0,0,0,0,-0.0767,0.081,0.228,0.343,0.220,0.129,0.154
1290,116,123,130,137,145,153,162,-0.1909,0.059,0.174,0.270,0.271,0.225,0.257
1291,6,6,7,7,7,8,8,-0.2404,0.061,0.180,0.257,0.266,0.237,0.272
1292,51,54,57,60,64,67,71,-0.1779,0.066,0.259,0.326,0.240,0.109,0.141
1293,100,106,112,118,125,132,140,0.0017,0.062,0.167,0.332,0.233,0.206,0.237
1294,1199,1268,1341,1418,1500,1586,1677,-0.4515,0.000,0.041,0.566,0.359,0.035,0.082
1295,44,47,49,52,55,59,62,-0.0093,0.073,0.211,0.385,0.225,0.106,0.136
1296,6,6,7,7,7,8,8,0.0496,0.056,0.159,0.301,0.318,0.166,0.208
1297,313,331,350,370,392,414,438,0.0078,0.078,0.201,0.355,0.223,0.143,0.173
1298,12,13,13,14,15,16,17,-0.0194,0.092,0.182,0.460,0.181,0.085,0.109
1299,507,536,567,600,634,670,709,-0.0571,0.066,0.187,0.445,0.210,0.092,0.120
1300,1,1,1,1,1,1,1,0.0285,0.089,0.241,0.400,0.192,0.078,0.103
1301,82,87,92,97,103,109,115,-0.0409,0.090,0.196,0.379,0.192,0.143,0.169
1302,20,21,22,24,25,26,28,0.0161,0.100,0.229,0.372,0.208,0.092,0.119
1303,1,1,1,1,1,1,1,0.0826,0.042,0.208,0.220,0.341,0.188,0.234
1304,8,8,9,9,10,10,11,-0.0250,0.066,0.214,0.306,0.220,0.195,0.224
1305,36,38,40,42,45,47,50,-0.0643,0.091,0.208,0.388,0.190,0.123,0.148
1306,56,59,63,66,70,74,78,0.0074,0.061,0.216,0.288,0.252,0.184,0.217
1307,36,38,40,42,45,47,50,0.0376,0.062,0.219,0.280,0.282,0.156,0.194
1308,59,62,66,70,74,78,83,0.0826,0.052,0.184,0.246,0.354,0.164,0.211
1309,11,12,12,13,14,14,15,-0.0285,0.047,0.166,0.163,0.292,0.332,0.371
1310,987,1044,1104,1167,1235,1306,1381,-0.1180,0.025,0.072,0.263,0.218,0.423,0.452
1311,74,78,83,88,93,98,104,0.1479,0.043,0.167,0.213,0.377,0.199,0.249
1312,10,11,11,12,13,13,14,0.0494,0.064,0.200,0.282,0.334,0.119,0.163
1313,1066,1127,1192,1261,1333,1410,1491,0.1738,0.049,0.198,0.364,0.265,0.125,0.160
1314,98,104,110,116,123,130,137,0.0537,0.064,0.198,0.287,0.264,0.188,0.223
1315,14,15,16,17,18,19,20,0.1818,0.051,0.163,0.260,0.349,0.177,0.223
1316,63,67,70,74,79,83,88,0.1580,0.036,0.151,0.282,0.364,0.167,0.215
1317,54,57,61,64,68,72,76,-0.0137,0.075,0.173,0.311,0.229,0.212,0.243
1318,704,745,787,833,881,931,985,0.0912,0.035,0.156,0.275,0.384,0.150,0.203
1319,15,16,17,18,19,20,21,0.0074,0.082,0.216,0.371,0.233,0.099,0.131
1320,42,44,47,50,53,56,59,0.0026,0.044,0.121,0.229,0.328,0.278,0.323
1321,28,30,31,33,35,37,39,0.0172,0.064,0.203,0.324,0.258,0.151,0.187
1322,12,13,13,14,15,16,17,-0.0659,0.024,0.089,0.128,0.293,0.466,0.506
1323,227,240,254,269,284,301,318,-0.0115,0.046,0.130,0.205,0.288,0.332,0.371
1324,4,4,5,5,5,6,6,0.0658,0.052,0.156,0.251,0.341,0.200,0.247
1325,0,0,0,0,0,0,0,0.0308,0.069,0.216,0.336,0.271,0.108,0.146
1326,4,4,5,5,5,6,6,0.0428,0.057,0.190,0.248,0.328,0.177,0.222
1327,277,293,310,327,346,366,387,0.0074,0.056,0.143,0.325,0.258,0.217,0.252
1328,423,447,473,500,529,560,592,0.0010,0.066,0.205,0.338,0.258,0.133,0.168
1329,30,32,34,35,38,40,42,-0.0168,0.047,0.187,0.272,0.328,0.165,0.211
1330,0,0,0,0,0,0,0,0.0401,0.050,0.186,0.296,0.330,0.138,0.183
1331,9,10,10,11,12,12,13,0.0200,0.070,0.185,0.372,0.241,0.132,0.165
1332,254,269,284,300,318,336,355,0.0296,0.065,0.159,0.374,0.246,0.156,0.190
1333,11,12,12,13,14,14,15,-0.0374,0.060,0.192,0.331,0.284,0.133,0.172
1334,0,0,0,0,0,0,0,0.0208,0.054,0.195,0.311,0.307,0.132,0.175
1335,121,128,135,143,151,160,169,0.0082,0.066,0.201,0.319,0.233,0.180,0.213
1336,47,50,53,56,59,62,66,-0.0215,0.080,0.221,0.319,0.221,0.159,0.189
1337,69,73,77,82,87,92,97,0.0001,0.059,0.172,0.327,0.278,0.164,0.202
1338,2,2,2,2,3,3,3,0.0120,0.057,0.175,0.391,0.248,0.130,0.164
1339,9,10,10,11,12,12,13,0.0583,0.069,0.221,0.376,0.257,0.077,0.112
1340,0,0,0,0,0,0,0,0.0658,0.085,0.228,0.456,0.183,0.048,0.073
1341,0,0,0,0,0,0,0,0.1438,0.055,0.234,0.364,0.265,0.081,0.118
1342,2306,2439,2579,2727,2884,3050,3225,-0.0431,0.050,0.302,0.393,0.189,0.066,0.092
1343,174,184,194,206,217,230,243,0.0250,0.065,0.220,0.421,0.204,0.090,0.118
1344,1,1,1,1,1,1,1,-0.0006,0.078,0.177,0.432,0.169,0.143,0.167
1345,1,1,1,1,1,1,1,0.0754,0.067,0.161,0.354,0.258,0.160,0.196
1346,12,13,13,14,15,16,17,0.0966,0.036,0.175,0.297,0.240,0.252,0.285
1347,1,1,1,1,1,1,1,0.1011,0.055,0.213,0.322,0.282,0.128,0.167
1348,28,30,31,33,35,37,39,-0.0587,0.096,0.197,0.392,0.191,0.124,0.150
1349,50,53,56,59,63,66,70,-0.0506,0.096,0.228,0.400,0.193,0.082,0.109
1350,14,15,16,17,18,19,20,0.0714,0.049,0.169,0.304,0.303,0.175,0.217
1351,146,154,163,173,182,193,204,-0.0147,0.045,0.164,0.235,0.291,0.265,0.305
1352,20,21,22,24,25,26,28,0.1358,0.037,0.197,0.188,0.410,0.168,0.225
1353,143,151,160,169,179,189,200,-0.2302,0.008,0.053,0.053,0.165,0.721,0.744
1354,33,35,37,39,41,44,46,0.0563,0.050,0.179,0.230,0.356,0.185,0.234
1355,43,45,48,51,54,57,60,-0.0347,0.052,0.186,0.279,0.268,0.215,0.252
1356,70,74,78,83,88,93,98,-0.0062,0.054,0.167,0.273,0.249,0.257,0.292
1357,27,29,30,32,34,36,38,0.0405,0.068,0.229,0.316,0.259,0.127,0.162
1358,275,291,308,325,344,364,385,-0.0369,0.056,0.151,0.295,0.230,0.268,0.300
1359,183,194,205,216,229,242,256,-0.0253,0.060,0.159,0.305,0.259,0.216,0.252
1360,299,316,334,354,374,395,418,-0.0214,0.063,0.138,0.385,0.216,0.198,0.227
1361,260,275,291,308,325,344,364,0.0499,0.065,0.114,0.490,0.227,0.104,0.135
1362,0,0,0,0,0,0,0,0.0380,0.040,0.115,0.349,0.274,0.222,0.260
1363,726,768,812,858,908,960,1015,-0.1275,0.046,0.131,0.446,0.220,0.157,0.187
1364,43,45,48,51,54,57,60,0.0691,0.067,0.162,0.435,0.237,0.099,0.132
1365,171,181,191,202,214,226,239,-0.0562,0.044,0.114,0.204,0.284,0.355,0.394
1366,84,89,94,99,105,111,117,0.0732,0.040,0.165,0.205,0.385,0.205,0.258
1367,22,23,25,26,28,29,31,0.0959,0.050,0.207,0.260,0.279,0.205,0.243
1368,316,334,353,374,395,418,442,0.0261,0.046,0.192,0.343,0.269,0.150,0.187
1369,31,33,35,37,39,41,43,0.0128,0.069,0.226,0.348,0.258,0.099,0.135
1370,15,16,17,18,19,20,21,0.0016,0.065,0.194,0.325,0.252,0.163,0.198
1371,8,8,9,9,10,10,11,-0.0076,0.056,0.204,0.335,0.283,0.121,0.160
1372,19,20,21,23,24,25,27,-0.0689,0.088,0.255,0.371,0.196,0.091,0.118
1373,96,101,107,113,120,127,134,-0.0803,0.083,0.159,0.419,0.161,0.178,0.200
1374,14,15,16,17,18,19,20,-0.0082,0.068,0.161,0.383,0.228,0.160,0.191
1375,31,33,35,37,39,41,43,-0.0230,0.061,0.181,0.317,0.242,0.200,0.233
1376,251,265,281,297,314,332,351,-0.0886,0.085,0.222,0.401,0.200,0.092,0.120
1377,24,25,27,29,30,32,34,-0.0553,0.073,0.201,0.396,0.232,0.098,0.130
1378,94,99,105,111,117,124,131,-0.1448,0.096,0.244,0.401,0.169,0.090,0.114
1379,199,210,222,235,249,263,278,-0.1467,0.098,0.273,0.373,0.167,0.089,0.112
1380,43,45,48,51,54,57,60,-0.0472,0.100,0.215,0.399,0.210,0.077,0.106
1381,237,251,265,280,296,313,331,-0.0534,0.076,0.200,0.361,0.242,0.122,0.155
1382,48,51,54,57,60,63,67,0.0209,0.062,0.208,0.289,0.268,0.174,0.211
1383,108,114,121,128,135,143,151,0.0982,0.041,0.186,0.264,0.358,0.151,0.201
1384,26,27,29,31,32,34,36,0.0129,0.040,0.198,0.266,0.317,0.180,0.223
1385,12,13,13,14,15,16,17,0.0424,0.050,0.197,0.234,0.322,0.196,0.241
1386,147,156,165,174,184,195,206,0.0221,0.041,0.171,0.267,0.292,0.229,0.269
1387,16,17,18,19,20,21,22,0.1219,0.041,0.185,0.266,0.371,0.138,0.189
1388,0,0,0,0,0,0,0,0.1171,0.036,0.186,0.229,0.398,0.152,0.207
1389,16,17,18,19,20,21,22,-0.2016,0.032,0.154,0.241,0.389,0.184,0.237
1390,74,78,83,88,93,98,104,0.0295,0.040,0.145,0.297,0.374,0.144,0.196
1391,43,45,48,51,54,57,60,0.0318,0.043,0.159,0.320,0.349,0.129,0.177
1392,2,2,2,2,3,3,3,0.0468,0.039,0.165,0.260,0.369,0.167,0.218
1393,33,35,37,39,41,44,46,0.0593,0.044,0.184,0.266,0.366,0.140,0.191
1394,60,63,67,71,75,79,84,-0.0107,0.075,0.247,0.356,0.234,0.087,0.119
1395,23,24,26,27,29,30,32,-0.0760,0.077,0.204,0.307,0.220,0.193,0.223
1396,18,19,20,21,22,24,25,-0.0415,0.081,0.223,0.310,0.223,0.164,0.194
1397,164,173,183,194,205,217,229,-0.0613,0.041,0.170,0.257,0.289,0.243,0.282
1398,0,0,0,0,0,0,0,-0.0443,0.046,0.196,0.254,0.306,0.199,0.241
1399,54,57,61,64,68,72,76,-0.0653,0.083,0.226,0.352,0.212,0.127,0.156
1400,82,87,92,97,103,109,115,0.1697,0.049,0.167,0.260,0.356,0.169,0.218
1401,103,109,115,122,129,136,144,0.1143,0.048,0.184,0.296,0.311,0.161,0.204
1402,112,118,125,133,140,148,157,-0.1123,0.063,0.202,0.296,0.241,0.199,0.232
1403,111,117,124,131,139,147,155,-0.2604,0.036,0.126,0.213,0.389,0.237,0.291
1404,0,0,0,0,0,0,0,-0.0123,0.041,0.176,0.189,0.408,0.185,0.243
1405,1,1,1,1,1,1,1,-0.1880,0.044,0.203,0.250,0.323,0.181,0.227
1406,4,4,5,5,5,6,6,-0.0809,0.026,0.150,0.200,0.349,0.276,0.325
1407,98,104,110,116,123,130,137,-0.1971,0.070,0.156,0.344,0.186,0.245,0.271
1408,7,7,8,8,9,9,10,-0.1451,0.041,0.146,0.246,0.305,0.262,0.305
1409,30,32,34,35,38,40,42,-0.1852,0.049,0.184,0.251,0.294,0.221,0.263
1410,13,14,14,15,16,17,18,-0.1968,0.059,0.181,0.356,0.266,0.138,0.175
1411,352,372,394,416,440,465,492,-0.1878,0.042,0.153,0.235,0.252,0.318,0.354
1412,98,104,110,116,123,130,137,-0.1918,0.047,0.204,0.269,0.280,0.199,0.239
1413,0,0,0,0,0,0,0,-0.1316,0.036,0.223,0.203,0.390,0.148,0.203
1414,27,29,30,32,34,36,38,-0.1447,0.039,0.222,0.203,0.344,0.192,0.240
1415,27,29,30,32,34,36,38,-0.0504,0.038,0.174,0.223,0.355,0.210,0.260
1416,6,6,7,7,7,8,8,-0.0105,0.038,0.160,0.199,0.356,0.247,0.297
1417,0,0,0,0,0,0,0,0.0124,0.031,0.143,0.277,0.363,0.186,0.236
1418,17,18,19,20,21,23,24,-0.0123,0.036,0.199,0.241,0.400,0.124,0.181
1419,16,17,18,19,20,21,22,-0.0370,0.038,0.170,0.260,0.318,0.213,0.258
1420,83,88,93,98,104,110,116,-0.0580,0.044,0.195,0.205,0.331,0.225,0.272
1421,263,278,294,311,329,348,368,-0.1052,0.030,0.118,0.187,0.223,0.442,0.473
1422,38,40,42,45,47,50,53,-0.0572,0.035,0.160,0.182,0.315,0.307,0.352
1423,83,88,93,98,104,110,116,0.0231,0.044,0.207,0.189,0.304,0.257,0.300
1424,343,363,384,406,429,454,480,-0.0417,0.028,0.109,0.302,0.217,0.345,0.376
1425,479,507,536,567,599,634,670,-0.0594,0.036,0.146,0.258,0.286,0.274,0.315
1426,0,0,0,0,0,0,0,0.0006,0.038,0.155,0.156,0.351,0.301,0.351
1427,740,783,828,875,925,979,1035,-0.0196,0.035,0.150,0.256,0.282,0.277,0.318
1428,103,109,115,122,129,136,144,-0.1714,0.085,0.241,0.444,0.162,0.068,0.091
1429,9,10,10,11,12,12,13,-0.0082,0.044,0.123,0.334,0.318,0.180,0.226
1430,396,419,443,468,495,524,554,0.0493,0.044,0.124,0.394,0.284,0.154,0.194
1431,20,21,22,24,25,26,28,0.0199,0.046,0.119,0.315,0.291,0.229,0.271
1432,25,26,28,30,31,33,35,0.0103,0.047,0.151,0.283,0.327,0.192,0.239
1433,13,14,14,15,16,17,18,0.0260,0.049,0.173,0.288,0.338,0.152,0.200
1434,7,7,8,8,9,9,10,0.0112,0.044,0.154,0.281,0.382,0.140,0.194
1435,52,55,58,62,65,69,73,-0.1413,0.057,0.233,0.171,0.336,0.204,0.251
1436,14,15,16,17,18,19,20,0.1152,0.049,0.186,0.184,0.331,0.249,0.296
1437,122,129,137,144,153,162,171,0.8822,0.027,0.120,0.164,0.282,0.406,0.446
1438,0,0,0,0,0,0,0,0.2750,0.060,0.172,0.282,0.290,0.196,0.237
1439,4855,5134,5430,5742,6072,6422,6791,0.0000,0.001,0.020,0.741,0.216,0.021,0.052
1440,9,10,10,11,12,12,13,1.2193,0.044,0.133,0.238,0.348,0.236,0.285
1441,0,0,0,0,0,0,0,-0.0603,0.046,0.146,0.260,0.322,0.226,0.272
1442,0,0,0,0,0,0,0,-0.0514,0.057,0.163,0.241,0.323,0.216,0.262
1443,71,75,79,84,89,94,99,-0.0843,0.031,0.158,0.190,0.300,0.321,0.364
1444,245,259,274,290,307,324,343,0.0310,0.048,0.125,0.301,0.330,0.197,0.244
1445,0,0,0,0,0,0,0,0.0096,0.052,0.176,0.220,0.329,0.223,0.270
1446,38,40,42,45,47,50,53,-0.0371,0.037,0.126,0.174,0.360,0.304,0.355
1447,0,0,0,0,0,0,0,-0.0173,0.030,0.140,0.105,0.327,0.397,0.444
1448,13,14,14,15,16,17,18,0.2116,0.024,0.047,0.311,0.412,0.206,0.265
1449,1,1,1,1,1,1,1,0.0021,0.065,0.214,0.366,0.214,0.141,0.171
1450,14,15,16,17,18,19,20,0.0979,0.045,0.153,0.271,0.382,0.149,0.203
1451,0,0,0,0,0,0,0,0.0373,0.046,0.153,0.250,0.382,0.169,0.224
1452,6,6,7,7,7,8,8,-0.0319,0.038,0.152,0.244,0.364,0.202,0.254
1453,115,122,129,136,144,152,161,-0.0561,0.026,0.110,0.302,0.398,0.163,0.218
1454,195,206,218,231,244,258,273,-0.0447,0.026,0.175,0.214,0.417,0.169,0.228
